"","t","meanAbun","meanSSB","meanCatch","cumCatch","meanSizeExt","meanSizeSSBExt","meanFecExt","totalFecExt","meanSizeSurv","meanSizeSSBSurv","meanFecSurv","totalFecSurv","name","isAllee","resDens","fishDens","resDensExt","fishDensExt","resDensExtSD","fishDensExtSD","resDensExtQ025","fishDensExtQ025","resDensExtQ975","fishDensExtQ975","catchExt","resDensSurv","fishDensSurv","resDensSurvSD","fishDensSurvSD","resDensSurvQ025","fishDensSurvQ025","resDensSurvQ975","fishDensSurvQ975","catchSurv","cumCatchSurv","cumCatchExt","propExtinct","ssbDensity","catchHa"
"1",-74,40344814.1809491,1285307.93626493,26210.6229669995,0,-1,-1,-1,-1,17.9164576336845,164.832577885363,50837.8809258224,410208971861.104,"Growth_1_NC",TRUE,NA,0.17137439150199,-1,-1,-1,-1,-1,-1,-1,-1,-1,NA,0.17137439150199,NA,0,NA,0.17137439150199,NA,0.17137439150199,26210.6229669995,0,0,0,0.17137439150199,34.9474972893326
"2",-73,26681541.0960184,1285307.90586908,26210.6215895854,0,-1,-1,-1,-1,22.8745947845977,164.832576827587,76871.3001200702,410208950651.603,"Growth_1_NC",TRUE,NA,0.17137438744921,-1,-1,-1,-1,-1,-1,-1,-1,-1,NA,0.17137438744921,NA,0,NA,0.17137438744921,NA,0.17137438744921,26210.6215895854,0,0,0,0.17137438744921,34.9474954527805
"3",-72,32255331.4979887,1281347.40165142,26210.6203745605,0,-1,-1,-1,-1,19.7322986948203,165.190919501445,63585.280809902,410192862183.218,"Growth_1_NC",TRUE,NA,0.170846320220189,-1,-1,-1,-1,-1,-1,-1,-1,-1,NA,0.170846320220189,NA,0.000441447876546292,NA,0.170350262016433,NA,0.171376672562185,26210.6203745605,0,0,0,0.170846320220189,34.9474938327474
"4",-71,35920390.1674347,1248600.11527638,26210.6193027804,0,-1,-1,-1,-1,18.2803654860143,167.621699701118,57020.1034072979,409636872355.522,"Growth_1_NC",TRUE,NA,0.166480015370184,-1,-1,-1,-1,-1,-1,-1,-1,-1,NA,0.166480015370184,NA,0.00385051224035274,NA,0.162254234893467,NA,0.171378169563353,26210.6193027804,0,0,0,0.166480015370184,34.9474924037071
"5",-70,34267992.6486529,1214128.6847024,26210.5602657489,0,-1,-1,-1,-1,18.6365349197134,168.711969493319,59329.1391435291,406618100804.273,"Growth_1_NC",TRUE,NA,0.161883824626987,-1,-1,-1,-1,-1,-1,-1,-1,-1,NA,0.161883824626987,NA,0.00603199796592516,NA,0.155215946588481,NA,0.171262198329343,26210.5602657489,0,0,0,0.161883824626987,34.9474136876651
"6",-69,29658631.1876051,1183094.35844367,26180.688433023,0,-1,-1,-1,-1,20.0664048793259,168.686348671171,67528.8834900369,400562849988.352,"Growth_1_NC",TRUE,NA,0.157745914459156,-1,-1,-1,-1,-1,-1,-1,-1,-1,NA,0.157745914459156,NA,0.00843046100002446,NA,0.147033912882043,NA,0.170912395237643,26180.688433023,0,0,0,0.157745914459156,34.9075845773641
"7",-68,34330508.390155,1158097.99340649,25714.0409829596,0,-1,-1,-1,-1,18.1410904141541,168.536394977742,57318.41740132,393554081901.284,"Growth_1_NC",TRUE,NA,0.154413065787533,-1,-1,-1,-1,-1,-1,-1,-1,-1,NA,0.154413065787533,NA,0.00950734055954726,NA,0.14094433990387,NA,0.168317481948209,25714.0409829596,0,0,0,0.154413065787533,34.2853879772795
"8",-67,35586396.5290909,1132365.32143219,24877.3291856503,0,-1,-1,-1,-1,17.7190691645439,168.920118681217,54362.8044554859,386915263157.271,"Growth_1_NC",TRUE,NA,0.150982042857626,-1,-1,-1,-1,-1,-1,-1,-1,-1,NA,0.150982042857626,NA,0.0111853754351117,NA,0.132556758438664,NA,0.164185204670853,24877.3291856503,0,0,0,0.150982042857626,33.1697722475338
"9",-66,35628722.9713038,1116691.79579281,24390.9053513059,0,-1,-1,-1,-1,17.7050827630801,168.304160743457,53400.5569267651,380518729851.41,"Growth_1_NC",TRUE,NA,0.148892239439042,-1,-1,-1,-1,-1,-1,-1,-1,-1,NA,0.148892239439042,NA,0.0111129831305455,NA,0.130151061258513,NA,0.160402837002633,24390.9053513059,0,0,0,0.148892239439042,32.5212071350746
"10",-65,37023066.4629824,1108124.27245407,24106.9838296259,0,-1,-1,-1,-1,17.3673780675113,167.368559551902,50559.4376924295,374373084403.567,"Growth_1_NC",TRUE,NA,0.147749902993876,-1,-1,-1,-1,-1,-1,-1,-1,-1,NA,0.147749902993876,NA,0.0114559808571943,NA,0.128063138122544,NA,0.159062187945706,24106.9838296259,0,0,0,0.147749902993876,32.1426451061678
"11",-64,38137819.9681662,1107306.77637017,23680.920659934,0,-1,-1,-1,-1,17.1793846006065,166.386676384526,48414.6020246292,369285475169.145,"Growth_1_NC",TRUE,NA,0.147640903516023,-1,-1,-1,-1,-1,-1,-1,-1,-1,NA,0.147640903516023,NA,0.0103527586710614,NA,0.130877878178612,NA,0.1581970761532,23680.920659934,0,0,0,0.147640903516023,31.5745608799119
"12",-63,31168617.8811971,1114650.21277125,23251.808342992,0,-1,-1,-1,-1,19.3250352332841,165.354620558316,58714.6331069968,366010792669.333,"Growth_1_NC",TRUE,NA,0.1486200283695,-1,-1,-1,-1,-1,-1,-1,-1,-1,NA,0.1486200283695,NA,0.00899827380322405,NA,0.135034647893584,NA,0.158529341450967,23251.808342992,0,0,0,0.1486200283695,31.0024111239893
"13",-62,33592874.0123856,1125681.6285577,23094.6414943348,0,-1,-1,-1,-1,18.3518919272553,164.652928188517,54258.0457457697,364536738979.18,"Growth_1_NC",TRUE,NA,0.150090883807693,-1,-1,-1,-1,-1,-1,-1,-1,-1,NA,0.150090883807693,NA,0.00763136719664044,NA,0.139439468782973,NA,0.159439391190361,23094.6414943348,0,0,0,0.150090883807693,30.7928553257797
"14",-61,33766653.5112593,1123607.18564086,23063.6963478148,0,-1,-1,-1,-1,18.2427456142731,165.427899113267,53925.5319032404,364176950237.416,"Growth_1_NC",TRUE,NA,0.149814291418782,-1,-1,-1,-1,-1,-1,-1,-1,-1,NA,0.149814291418782,NA,0.00755459171232972,NA,0.140015901709383,NA,0.160393228855799,23063.6963478148,0,0,0,0.149814291418782,30.7515951304197
"15",-60,34818828.2896346,1118547.00988317,23108.234569076,0,-1,-1,-1,-1,17.8807442050865,165.789553157124,52204.7082507144,363541354498.419,"Growth_1_NC",TRUE,NA,0.149139601317757,-1,-1,-1,-1,-1,-1,-1,-1,-1,NA,0.149139601317757,NA,0.00821972448330357,NA,0.138904565979654,NA,0.161224332834329,23108.234569076,0,0,0,0.149139601317757,30.8109794254346
"16",-59,32851427.7391093,1109806.13613735,23240.431553372,0,-1,-1,-1,-1,18.4504429509249,165.990260707816,55096.8602931536,362002104914.468,"Growth_1_NC",TRUE,NA,0.14797415148498,-1,-1,-1,-1,-1,-1,-1,-1,-1,NA,0.14797415148498,NA,0.00929556938785147,NA,0.134362929623464,NA,0.160710861908356,23240.431553372,0,0,0,0.14797415148498,30.9872420711627
"17",-58,31449464.8695165,1104077.50276148,23198.7269761533,0,-1,-1,-1,-1,18.811144872866,165.838814168568,57235.542895902,360005439118.475,"Growth_1_NC",TRUE,NA,0.147210333701531,-1,-1,-1,-1,-1,-1,-1,-1,-1,NA,0.147210333701531,NA,0.0105044861523671,NA,0.132051464961465,NA,0.160449520152726,23198.7269761533,0,0,0,0.147210333701531,30.9316359682045
"18",-57,35715509.3808496,1096403.84267838,22940.2758668057,0,-1,-1,-1,-1,17.4203303791343,166.024923861437,50117.4450115637,357994015490.943,"Growth_1_NC",TRUE,NA,0.146187179023784,-1,-1,-1,-1,-1,-1,-1,-1,-1,NA,0.146187179023784,NA,0.0111483836971716,NA,0.12961043715156,NA,0.158298339769837,22940.2758668057,0,0,0,0.146187179023784,30.5870344890743
"19",-56,33120593.6450019,1087119.07383729,22770.5831795662,0,-1,-1,-1,-1,18.2036168227244,166.3015630999,53747.073017289,356026993002.775,"Growth_1_NC",TRUE,NA,0.144949209844972,-1,-1,-1,-1,-1,-1,-1,-1,-1,NA,0.144949209844972,NA,0.0115281100341279,NA,0.128865269090421,NA,0.155189142513972,22770.5831795662,0,0,0,0.144949209844972,30.3607775727549
"20",-55,29126526.8044219,1084421.8588389,22676.7792250747,0,-1,-1,-1,-1,19.5111857501539,165.76229139713,60733.5243723329,353791325111.553,"Growth_1_NC",TRUE,NA,0.14458958117852,-1,-1,-1,-1,-1,-1,-1,-1,-1,NA,0.14458958117852,NA,0.0116753185792341,NA,0.128935477686079,NA,0.154684079261726,22676.7792250747,0,0,0,0.14458958117852,30.2357056334329
"21",-54,36537874.9060202,1078831.77526081,22577.186178601,0,-1,-1,-1,-1,17.0325751591927,165.816685236028,48123.744730163,351667872991.989,"Growth_1_NC",TRUE,NA,0.143844236701441,-1,-1,-1,-1,-1,-1,-1,-1,-1,NA,0.143844236701441,NA,0.011195307447591,NA,0.129543597507158,NA,0.155007254783426,22577.186178601,0,0,0,0.143844236701441,30.1029149048013
"22",-53,25640201.0076732,1068397.16394911,22375.1247512347,0,-1,-1,-1,-1,20.9384505084749,166.404584000582,68245.6905110917,349966644522.369,"Growth_1_NC",TRUE,NA,0.142452955193215,-1,-1,-1,-1,-1,-1,-1,-1,-1,NA,0.142452955193215,NA,0.0118852848967573,NA,0.128028564249239,NA,0.15620035505758,22375.1247512347,0,0,0,0.142452955193215,29.833499668313
"23",-52,32077468.2464792,1066208.47165391,22255.2155469278,0,-1,-1,-1,-1,18.0172934281371,165.844576935717,54248.2185078213,348029101322.541,"Growth_1_NC",TRUE,NA,0.142161129553855,-1,-1,-1,-1,-1,-1,-1,-1,-1,NA,0.142161129553855,NA,0.011466975415544,NA,0.12895562165083,NA,0.158038865260975,22255.2155469278,0,0,0,0.142161129553855,29.673620729237
"24",-51,28063634.1627049,1046784.73856546,22236.9635103536,0,-1,-1,-1,-1,19.3794334954231,167.188544120704,61630.6023987599,345915735789.184,"Growth_1_NC",TRUE,NA,0.139571298475395,-1,-1,-1,-1,-1,-1,-1,-1,-1,NA,0.139571298475395,NA,0.0133385092669819,NA,0.123345745412211,NA,0.158572803627948,22236.9635103536,0,0,0,0.139571298475395,29.6492846804715
"25",-50,33218366.5537301,1034895.56763048,22026.2934400699,0,-1,-1,-1,-1,17.4331778269613,167.134943489941,51648.6573998714,343136806703.391,"Growth_1_NC",TRUE,NA,0.137986075684064,-1,-1,-1,-1,-1,-1,-1,-1,-1,NA,0.137986075684064,NA,0.0130760937757711,NA,0.121452915036052,NA,0.155935289975276,22026.2934400699,0,0,0,0.137986075684064,29.3683912534265
"26",-49,32597271.8695687,1015811.79456519,21863.9839011606,0,-1,-1,-1,-1,17.6548339182692,167.605673341294,52064.3652369608,339431253669.147,"Growth_1_NC",TRUE,NA,0.135441572608693,-1,-1,-1,-1,-1,-1,-1,-1,-1,NA,0.135441572608693,NA,0.0121803041161373,NA,0.122231571785515,NA,0.15382684621154,21863.9839011606,0,0,0,0.135441572608693,29.1519785348808
"27",-48,27927883.8208956,1009724.4016625,21675.4521170506,0,-1,-1,-1,-1,19.2528495401816,166.725209776771,60072.8731163086,335541644235.934,"Growth_1_NC",TRUE,NA,0.134629920221666,-1,-1,-1,-1,-1,-1,-1,-1,-1,NA,0.134629920221666,NA,0.0102015826561515,NA,0.121344673853953,NA,0.149833406557337,21675.4521170506,0,0,0,0.134629920221666,28.9006028227341
"28",-47,27063092.5623594,1006456.13769553,21285.3923677803,0,-1,-1,-1,-1,19.3969462131009,166.12345366349,61336.4713360377,331990920243.139,"Growth_1_NC",TRUE,NA,0.134194151692738,-1,-1,-1,-1,-1,-1,-1,-1,-1,NA,0.134194151692738,NA,0.00926723990721238,NA,0.120942761971521,NA,0.147769302719448,21285.3923677803,0,0,0,0.134194151692738,28.3805231570404
"29",-46,33158373.3073507,998068.418784577,21022.6909171018,0,-1,-1,-1,-1,17.1584073774093,166.604697354403,49682.1169408018,329475636044.511,"Growth_1_NC",TRUE,NA,0.133075789171277,-1,-1,-1,-1,-1,-1,-1,-1,-1,NA,0.133075789171277,NA,0.00938975667764958,NA,0.116637997702266,NA,0.144308805986847,21022.6909171018,0,0,0,0.133075789171277,28.0302545561357
"30",-45,36929243.3365443,985868.791418786,20832.715374631,0,-1,-1,-1,-1,16.3276734548507,167.134544061227,44297.2177763276,327172546878.779,"Growth_1_NC",TRUE,NA,0.131449172189172,-1,-1,-1,-1,-1,-1,-1,-1,-1,NA,0.131449172189172,NA,0.00908794805611331,NA,0.116445153715111,NA,0.140833089401868,20832.715374631,0,0,0,0.131449172189172,27.7769538328413
"31",-44,38411080.7389044,983327.962053673,20839.9508417254,0,-1,-1,-1,-1,16.2317790171782,166.103630008614,42196.038835059,324159090911.079,"Growth_1_NC",TRUE,NA,0.13111039494049,-1,-1,-1,-1,-1,-1,-1,-1,-1,NA,0.13111039494049,NA,0.0091287592809463,NA,0.118136193337198,NA,0.141151981221932,20839.9508417254,0,0,0,0.13111039494049,27.7866011223005
"32",-43,29777269.1959278,995965.718729648,20709.9864838378,0,-1,-1,-1,-1,18.8942422609232,164.174500723223,53994.7675558073,321563345736.165,"Growth_1_NC",TRUE,NA,0.132795429163953,-1,-1,-1,-1,-1,-1,-1,-1,-1,NA,0.132795429163953,NA,0.00933138037177249,NA,0.120367662848409,NA,0.144698831421789,20709.9864838378,0,0,0,0.132795429163953,27.6133153117837
"33",-42,30092988.750774,1020316.81313357,20370.964277443,0,-1,-1,-1,-1,18.6861956268546,162.591882648568,53348.767056742,321084769381.24,"Growth_1_NC",TRUE,NA,0.136042241751143,-1,-1,-1,-1,-1,-1,-1,-1,-1,NA,0.136042241751143,NA,0.00933447364257151,NA,0.121696797137588,NA,0.148007122630831,20370.964277443,0,0,0,0.136042241751143,27.1612857032573
"34",-41,27739087.3794053,1032156.226277,20205.8892485035,0,-1,-1,-1,-1,19.4891306991024,163.346369336139,58264.6654514509,323241729217.922,"Growth_1_NC",TRUE,NA,0.137620830170267,-1,-1,-1,-1,-1,-1,-1,-1,-1,NA,0.137620830170267,NA,0.0101838349482825,NA,0.119410564397707,NA,0.148097147712704,20205.8892485035,0,0,0,0.137620830170267,26.9411856646713
"35",-40,32650598.140094,1033956.63556755,20456.7384880812,0,-1,-1,-1,-1,17.6003948681153,164.420015320611,49925.4322708505,326019045209.204,"Growth_1_NC",TRUE,NA,0.13786088474234,-1,-1,-1,-1,-1,-1,-1,-1,-1,NA,0.13786088474234,NA,0.00822192794942674,NA,0.121994080642545,NA,0.144116810188169,20456.7384880812,0,0,0,0.13786088474234,27.2756513174415
"36",-39,28863237.1369658,1020947.44871238,20934.5223487762,0,-1,-1,-1,-1,18.8618850415606,165.747756701495,56683.4164184914,327213377964.06,"Growth_1_NC",TRUE,NA,0.136126326494984,-1,-1,-1,-1,-1,-1,-1,-1,-1,NA,0.136126326494984,NA,0.00554587059471163,NA,0.125685904566048,NA,0.141961173592716,20934.5223487762,0,0,0,0.136126326494984,27.912696465035
"37",-38,29721535.6609314,1011704.92648354,21177.4324303292,0,-1,-1,-1,-1,18.3929432697802,165.779351553251,54930.8176273893,326525650999.314,"Growth_1_NC",TRUE,NA,0.134893990197806,-1,-1,-1,-1,-1,-1,-1,-1,-1,NA,0.134893990197806,NA,0.00347933808008239,NA,0.131822811864739,NA,0.141646826307027,21177.4324303292,0,0,0,0.134893990197806,28.2365765737723
"38",-37,30732368.967636,998523.469185912,21023.2906690969,0,-1,-1,-1,-1,17.9697789636417,166.269163968003,52866.6838206716,324943686654.447,"Growth_1_NC",TRUE,NA,0.133136462558122,-1,-1,-1,-1,-1,-1,-1,-1,-1,NA,0.133136462558122,NA,0.00397819523250284,NA,0.12751103078805,NA,0.137825609621211,21023.2906690969,0,0,0,0.133136462558122,28.0310542254625
"39",-36,34683824.0876756,989591.463194434,20758.0233156521,0,-1,-1,-1,-1,16.8340215596858,166.327466441151,46586.9536827896,323162741262.913,"Growth_1_NC",TRUE,NA,0.131945528425925,-1,-1,-1,-1,-1,-1,-1,-1,-1,NA,0.131945528425925,NA,0.00326845680330598,NA,0.127044504815406,NA,0.137308474720027,20758.0233156521,0,0,0,0.131945528425925,27.6773644208694
"40",-35,34787397.2081048,984343.191890935,20566.0638117892,0,-1,-1,-1,-1,16.9577977678663,165.955431608371,46142.0379020779,321032280098.202,"Growth_1_NC",TRUE,NA,0.131245758918791,-1,-1,-1,-1,-1,-1,-1,-1,-1,NA,0.131245758918791,NA,0.0040161865607672,NA,0.125703333199058,NA,0.135351143954633,20566.0638117892,0,0,0,0.131245758918791,27.4214184157189
"41",-34,34065834.2782072,990404.104229529,20471.9255133638,0,-1,-1,-1,-1,17.2947509436177,164.690818241608,46822.6086907639,319010245626.582,"Growth_1_NC",TRUE,NA,0.132053880563937,-1,-1,-1,-1,-1,-1,-1,-1,-1,NA,0.132053880563937,NA,0.00634111119994758,NA,0.125166290612826,NA,0.140256957720679,20471.9255133638,0,0,0,0.132053880563937,27.2959006844851
"42",-33,32971204.2884948,1003281.92503283,20290.0567962201,0,-1,-1,-1,-1,17.715295300511,163.644266549164,48260.3905682809,318240639293.867,"Growth_1_NC",TRUE,NA,0.133770923337711,-1,-1,-1,-1,-1,-1,-1,-1,-1,NA,0.133770923337711,NA,0.00817049716397634,NA,0.125223259598323,NA,0.144975132546317,20290.0567962201,0,0,0,0.133770923337711,27.0534090616268
"43",-32,36258515.7398949,1018805.42981627,20182.3689734472,0,-1,-1,-1,-1,16.9090856880676,163.162175726677,44035.6983637775,319333812448.058,"Growth_1_NC",TRUE,NA,0.135840723975503,-1,-1,-1,-1,-1,-1,-1,-1,-1,NA,0.135840723975503,NA,0.00905100700812897,NA,0.125679724801536,NA,0.148898052065101,20182.3689734472,0,0,0,0.135840723975503,26.9098252979296
"44",-31,32989730.5979901,1032012.13997254,20272.5178326712,0,-1,-1,-1,-1,17.9571664955009,163.16384196472,48760.1794340962,321717036688.098,"Growth_1_NC",TRUE,NA,0.137601618663005,-1,-1,-1,-1,-1,-1,-1,-1,-1,NA,0.137601618663005,NA,0.0100188066039694,NA,0.123905594309984,NA,0.152449884735685,20272.5178326712,0,0,0,0.137601618663005,27.0300237768949
"45",-30,37418063.2876249,1047157.87734739,20544.3468340812,0,-1,-1,-1,-1,16.8220815233649,162.815429814143,43343.6872053615,324367366193.847,"Growth_1_NC",TRUE,NA,0.139621050312985,-1,-1,-1,-1,-1,-1,-1,-1,-1,NA,0.139621050312985,NA,0.00973378232074215,NA,0.125608185557622,NA,0.154898907833393,20544.3468340812,0,0,0,0.139621050312985,27.3924624454416
"46",-29,28979769.8770414,1056162.1172761,20800.0259317467,0,-1,-1,-1,-1,19.5562349212342,163.090212967048,56435.4955479184,327097534775.093,"Growth_1_NC",TRUE,NA,0.140821615636813,-1,-1,-1,-1,-1,-1,-1,-1,-1,NA,0.140821615636813,NA,0.00835109320155508,NA,0.126857798042958,NA,0.15193690270893,20800.0259317467,0,0,0,0.140821615636813,27.7333679089956
"47",-28,32698281.7426467,1069510.54296075,20968.1907803058,0,-1,-1,-1,-1,18.0707506737711,162.8296224105,50450.0438581691,329925949600.66,"Growth_1_NC",TRUE,NA,0.142601405728099,-1,-1,-1,-1,-1,-1,-1,-1,-1,NA,0.142601405728099,NA,0.00765830148783147,NA,0.128705534333217,NA,0.150438037382713,20968.1907803058,0,0,0,0.142601405728099,27.9575877070744
"48",-27,30458188.4643485,1066150.49178453,21161.8067653649,0,-1,-1,-1,-1,18.7762192356483,164.17897344239,54625.8316984175,332760775378.437,"Growth_1_NC",TRUE,NA,0.142153398904604,-1,-1,-1,-1,-1,-1,-1,-1,-1,NA,0.142153398904604,NA,0.00815732594163511,NA,0.128695683717492,NA,0.151295902891132,21161.8067653649,0,0,0,0.142153398904604,28.2157423538199
"49",-26,30596921.7657967,1062597.62517965,21369.8571969029,0,-1,-1,-1,-1,18.5860173018484,164.74446015342,54704.6492420439,334758774616.833,"Growth_1_NC",TRUE,NA,0.141679683357287,-1,-1,-1,-1,-1,-1,-1,-1,-1,NA,0.141679683357287,NA,0.00788365269781517,NA,0.131323109414967,NA,0.154330277963404,21369.857196903,0,0,0,0.141679683357287,28.4931429292039
"50",-25,36462119.8184231,1050210.27150198,21558.2024854406,0,-1,-1,-1,-1,16.8216781728944,165.574949320756,45967.3443343152,335213363370.503,"Growth_1_NC",TRUE,NA,0.140028036200264,-1,-1,-1,-1,-1,-1,-1,-1,-1,NA,0.140028036200264,NA,0.00825270543664134,NA,0.133614874820047,NA,0.154427467804434,21558.2024854406,0,0,0,0.140028036200264,28.7442699805875
"51",-24,33388995.1060163,1039328.9590072,21622.8151265054,0,-1,-1,-1,-1,17.7675764996626,165.862177556668,50098.2286142915,334545902004.533,"Growth_1_NC",TRUE,NA,0.138577194534293,-1,-1,-1,-1,-1,-1,-1,-1,-1,NA,0.138577194534293,NA,0.00937131082184188,NA,0.130714066761852,NA,0.155299870976151,21622.8151265054,0,0,0,0.138577194534293,28.8304201686739
"52",-23,29057864.6725288,1040782.54984716,21449.6279535715,0,-1,-1,-1,-1,19.2062287197491,164.878739780237,57344.1943719823,333259967963.25,"Growth_1_NC",TRUE,NA,0.138771006646288,-1,-1,-1,-1,-1,-1,-1,-1,-1,NA,0.138771006646288,NA,0.00961453812042821,NA,0.12898258496086,NA,0.15591062457723,21449.6279535715,0,0,0,0.138771006646288,28.5995039380954
"53",-22,36237520.982406,1042466.99112546,21316.2638015629,0,-1,-1,-1,-1,16.8881076009998,164.668929184669,45883.5681443972,332541352676.05,"Growth_1_NC",TRUE,NA,0.138995598816728,-1,-1,-1,-1,-1,-1,-1,-1,-1,NA,0.138995598816728,NA,0.00901880215734372,NA,0.129305416617066,NA,0.154872490749716,21316.2638015629,0,0,0,0.138995598816728,28.4216850687506
"54",-21,34987577.388753,1039708.3549685,21139.8162832299,0,-1,-1,-1,-1,17.3530378362735,165.207522977699,47545.7005465908,332701775475.265,"Growth_1_NC",TRUE,NA,0.138627780662467,-1,-1,-1,-1,-1,-1,-1,-1,-1,NA,0.138627780662467,NA,0.0056238361869574,NA,0.132438882394194,NA,0.149030114043072,21139.8162832299,0,0,0,0.138627780662467,28.1864217109732
"55",-20,28539530.3069794,1045819.90110557,21159.0093133076,0,-1,-1,-1,-1,19.5165230539189,164.432323081057,58285.9363633882,332690649462.717,"Growth_1_NC",TRUE,NA,0.139442653480743,-1,-1,-1,-1,-1,-1,-1,-1,-1,NA,0.139442653480743,NA,0.00379832804834088,NA,0.135554137441352,NA,0.146144196364616,21159.0093133076,0,0,0,0.139442653480743,28.2120124177435
"56",-19,28901884.2365895,1050709.20459461,21330.9131942509,0,-1,-1,-1,-1,19.1588599357369,164.177385747753,57582.7416011113,332849946356.153,"Growth_1_NC",TRUE,NA,0.140094560612614,-1,-1,-1,-1,-1,-1,-1,-1,-1,NA,0.140094560612614,NA,0.00310818344213223,NA,0.136066334173151,NA,0.144053068119161,21330.9131942509,0,0,0,0.140094560612614,28.4412175923346
"57",-18,25138420.2133542,1045203.71416303,21268.5814148912,0,-1,-1,-1,-1,20.5792898377257,165.227679462263,66349.0783584156,333582202508.524,"Growth_1_NC",TRUE,NA,0.139360495221738,-1,-1,-1,-1,-1,-1,-1,-1,-1,NA,0.139360495221738,NA,0.0044894413397566,NA,0.132949650353898,NA,0.144914270754573,21268.5814148912,0,0,0,0.139360495221738,28.3581085531883
"58",-17,34187404.5715699,1031963.14992857,21230.7897926117,0,-1,-1,-1,-1,16.9961271115906,166.342139246544,48821.1403210444,333813615160.185,"Growth_1_NC",TRUE,NA,0.137595086657142,-1,-1,-1,-1,-1,-1,-1,-1,-1,NA,0.137595086657142,NA,0.00489561559836439,NA,0.13166056663367,NA,0.14325281786783,21230.7897926117,0,0,0,0.137595086657142,28.3077197234822
"59",-16,34354624.8806198,1007233.57218039,21427.8008979658,0,-1,-1,-1,-1,17.0517294586199,167.716515949827,48378.6442223921,332406034898.649,"Growth_1_NC",TRUE,NA,0.134297809624052,-1,-1,-1,-1,-1,-1,-1,-1,-1,NA,0.134297809624052,NA,0.00607236108353373,NA,0.128836770832955,NA,0.142671265123671,21427.8008979658,0,0,0,0.134297809624052,28.5704011972877
"60",-15,36015635.9203777,997918.032191588,21391.9157552725,0,-1,-1,-1,-1,16.7391820570726,166.677192457075,45681.4013153361,329048943621.161,"Growth_1_NC",TRUE,NA,0.133055737625545,-1,-1,-1,-1,-1,-1,-1,-1,-1,NA,0.133055737625545,NA,0.00659139478106478,NA,0.126777115230777,NA,0.143110366739463,21391.9157552725,0,0,0,0.133055737625545,28.5225543403633
"61",-14,32703036.0210043,998724.328154832,21065.2705572872,0,-1,-1,-1,-1,17.7960342602444,165.316978661814,49756.7730923703,325439508545.745,"Growth_1_NC",TRUE,NA,0.133163243753978,-1,-1,-1,-1,-1,-1,-1,-1,-1,NA,0.133163243753978,NA,0.0073421613180694,NA,0.125011737076559,NA,0.144758386227242,21065.2705572872,0,0,0,0.133163243753978,28.0870274097162
"62",-13,31567269.0085839,1013628.80772469,20631.6957733322,0,-1,-1,-1,-1,18.1831968482808,163.887899300004,51289.2353488957,323812217900.632,"Growth_1_NC",TRUE,NA,0.135150507696625,-1,-1,-1,-1,-1,-1,-1,-1,-1,NA,0.135150507696625,NA,0.00734378586941565,NA,0.125693030444429,NA,0.147097135178375,20631.6957733322,0,0,0,0.135150507696625,27.5089276977762
"63",-12,27223636.4947842,1026137.13601128,20378.164572729,0,-1,-1,-1,-1,19.7585184569765,163.691615694018,59569.9406133515,324342081854.752,"Growth_1_NC",TRUE,NA,0.136818284801504,-1,-1,-1,-1,-1,-1,-1,-1,-1,NA,0.136818284801504,NA,0.00659337442647048,NA,0.128369590670404,NA,0.147007815702441,20378.164572729,0,0,0,0.136818284801504,27.170886096972
"64",-11,29289791.3765785,1031612.60839674,20541.3872401254,0,-1,-1,-1,-1,18.7073394263985,164.210964794221,55644.8601444262,325965268961.826,"Growth_1_NC",TRUE,NA,0.137548347786232,-1,-1,-1,-1,-1,-1,-1,-1,-1,NA,0.137548347786232,NA,0.0061895172178428,NA,0.128890069391115,NA,0.145013095391592,20541.3872401254,0,0,0,0.137548347786232,27.3885163201673
"65",-10,32875598.3311768,1021488.46649358,20821.3666339231,0,-1,-1,-1,-1,17.4495285574535,165.630266636113,49760.8932723444,327183827964.43,"Growth_1_NC",TRUE,NA,0.136198462199145,-1,-1,-1,-1,-1,-1,-1,-1,-1,NA,0.136198462199145,NA,0.00386966186632077,NA,0.131151711249489,NA,0.141498128752308,20821.3666339231,0,0,0,0.136198462199145,27.7618221785641
"66",-9,31670002.8643058,1008505.94985892,21042.3086281987,0,-1,-1,-1,-1,17.8431979869474,166.273794280782,51614.942618919,326929076116.429,"Growth_1_NC",TRUE,NA,0.13446745998119,-1,-1,-1,-1,-1,-1,-1,-1,-1,NA,0.13446745998119,NA,0.00654261491625298,NA,0.125954540762365,NA,0.144424836474718,21042.3086281987,0,0,0,0.13446745998119,28.0564115042649
"67",-8,34161288.7406174,1001438.97490088,21058.3175293397,0,-1,-1,-1,-1,17.135142094747,165.875538319496,47615.9863855073,325324691916.924,"Growth_1_NC",TRUE,NA,0.133525196653451,-1,-1,-1,-1,-1,-1,-1,-1,-1,NA,0.133525196653451,NA,0.00917519404158638,NA,0.121694280694633,NA,0.146113873614221,21058.3175293397,0,0,0,0.133525196653451,28.0777567057862
"68",-7,23829722.8238612,999013.827701447,20853.6559037397,0,-1,-1,-1,-1,21.1553283126307,165.416550004418,67869.2489101551,323461077958.529,"Growth_1_NC",TRUE,NA,0.133201843693526,-1,-1,-1,-1,-1,-1,-1,-1,-1,NA,0.133201843693526,NA,0.0111188118733732,NA,0.118307185396594,NA,0.145457668970511,20853.6559037397,0,0,0,0.133201843693526,27.8048745383196
"69",-6,29991484.7687091,1003257.63931327,20539.1747344699,0,-1,-1,-1,-1,18.1242740174391,164.816808912836,53716.3558645229,322206653748.279,"Growth_1_NC",TRUE,NA,0.13376768524177,-1,-1,-1,-1,-1,-1,-1,-1,-1,NA,0.13376768524177,NA,0.010807398981241,NA,0.118938270134666,NA,0.148609704191888,20539.1747344699,0,0,0,0.13376768524177,27.3855663126265
"70",-5,32727029.7715277,989805.952661385,20430.6451919089,0,-1,-1,-1,-1,17.2607637843099,166.352487554213,49131.7353467098,321587153083.718,"Growth_1_NC",TRUE,NA,0.131974127021518,-1,-1,-1,-1,-1,-1,-1,-1,-1,NA,0.131974127021518,NA,0.0107429670810396,NA,0.11589268432274,NA,0.148930492333779,20430.6451919089,0,0,0,0.131974127021518,27.2408602558786
"71",-4,25748125.7199854,981278.621049682,20477.8236342521,0,-1,-1,-1,-1,19.7971569676277,166.408325789094,62219.2496384645,320405812378.868,"Growth_1_NC",TRUE,NA,0.130837149473291,-1,-1,-1,-1,-1,-1,-1,-1,-1,NA,0.130837149473291,NA,0.0105784208100816,NA,0.116321558395571,NA,0.148724851462445,20477.8236342521,0,0,0,0.130837149473291,27.3037648456694
"72",-3,24000672.4393577,974926.859967814,20558.9867581913,0,-1,-1,-1,-1,20.3259345412059,165.95440305388,66285.4847199604,318179241249.564,"Growth_1_NC",TRUE,NA,0.129990247995709,-1,-1,-1,-1,-1,-1,-1,-1,-1,NA,0.129990247995709,NA,0.0107887454933482,NA,0.117773104232342,NA,0.148490906721864,20558.9867581913,0,0,0,0.129990247995709,27.4119823442551
"73",-2,30477164.5884262,960729.240817919,20408.9269036037,0,-1,-1,-1,-1,17.458659096323,166.876088725794,51864.7250561961,316137952374.232,"Growth_1_NC",TRUE,NA,0.128097232109056,-1,-1,-1,-1,-1,-1,-1,-1,-1,NA,0.128097232109056,NA,0.0112680570976396,NA,0.11577876346396,NA,0.145941528056914,20408.9269036037,0,0,0,0.128097232109056,27.2119025381383
"74",-1,34190588.1923537,941970.698234353,20042.5213291307,0,-1,-1,-1,-1,16.4816393014222,167.87950562467,45902.31022621,313885397204.403,"Growth_1_NC",TRUE,NA,0.125596093097914,-1,-1,-1,-1,-1,-1,-1,-1,-1,NA,0.125596093097914,NA,0.011438472994203,NA,0.112257522738933,NA,0.145081644712774,20042.5213291307,0,0,0,0.125596093097914,26.7233617721743
"75",0,28244884.0781633,932558.972911383,19985.4211332387,19985.4211332387,-1,-1,-1,-1,18.4455163389314,167.078637631451,54962.135800883,310479830876.842,"Growth_1_NC",TRUE,NA,0.124341196388184,-1,-1,-1,-1,-1,-1,-1,-1,-1,NA,0.124341196388184,NA,0.0103241391200962,NA,0.112958657496972,NA,0.143416663893956,19985.4211332387,19985.4211332387,-1,0,0.124341196388184,26.6472281776516
"76",1,21230824.7188685,935790.97832447,19872.8552400103,39858.276373249,-1,-1,-1,-1,21.722747441575,165.422354877076,72258.6961676534,306822342549.884,"Growth_1_NC",TRUE,NA,0.124772130443263,-1,-1,-1,-1,-1,-1,-1,-1,-1,NA,0.124772130443263,NA,0.0095672715405437,NA,0.117635539950928,NA,0.143704646707933,19872.8552400103,39858.276373249,-2,0,0.124772130443263,26.4971403200137
"77",2,30157331.2000042,935371.422770799,19443.4437935719,59301.7201668209,-1,-1,-1,-1,17.3432151169488,165.476365344063,50497.172208019,304571989388.176,"Growth_1_NC",TRUE,NA,0.124716189702773,-1,-1,-1,-1,-1,-1,-1,-1,-1,NA,0.124716189702773,NA,0.0101715759162463,NA,0.116985317394544,NA,0.144621200738188,19443.4437935719,59301.7201668208,-3,0,0.124716189702773,25.9245917247625
"78",3,32304619.8882792,921746.073062226,19152.601575455,78454.3217422758,-1,-1,-1,-1,16.7982966794163,167.078954437093,46996.0644456221,303637999632.18,"Growth_1_NC",TRUE,NA,0.122899476408297,-1,-1,-1,-1,-1,-1,-1,-1,-1,NA,0.122899476408297,NA,0.0121878887346639,NA,0.114017608387706,NA,0.146329675263321,19152.601575455,78454.3217422758,-4,0,0.122899476408297,25.5368021006066
"79",4,30994890.2217603,916141.078173274,19283.0737110608,97737.3954533366,-1,-1,-1,-1,17.3085868409973,166.534368963394,48701.5505658615,301899842683.677,"Growth_1_NC",TRUE,NA,0.122152143756437,-1,-1,-1,-1,-1,-1,-1,-1,-1,NA,0.122152143756437,NA,0.0137128288235944,NA,0.112513935012784,NA,0.148973752236878,19283.0737110608,97737.3954533366,-5,0,0.122152143756437,25.7107649480811
"80",5,29751761.1708136,917010.61285644,19412.9497777742,117150.345231111,-1,-1,-1,-1,17.7860107931755,165.305520087299,50282.8773206114,299200831404.831,"Growth_1_NC",TRUE,NA,0.122268081714192,-1,-1,-1,-1,-1,-1,-1,-1,-1,NA,0.122268081714192,NA,0.0149927264726284,NA,0.109991151508781,NA,0.151465340870252,19412.9497777742,117150.345231111,-6,0,0.122268081714192,25.8839330370322
"81",6,32025998.8704264,924803.419754934,19086.5438894787,136236.88912059,-1,-1,-1,-1,17.1410917841077,164.387397294129,46441.6682370486,297468162900.088,"Growth_1_NC",TRUE,NA,0.123307122633991,-1,-1,-1,-1,-1,-1,-1,-1,-1,NA,0.123307122633991,NA,0.0157826775795753,NA,0.107475648150145,NA,0.152667437577017,19086.5438894787,136236.88912059,-7,0,0.123307122633991,25.4487251859716
"82",7,37655814.4954951,934365.659417315,18735.8803197679,154972.769440357,-1,-1,-1,-1,15.921514452732,164.039051273531,39498.6526922025,297470787719.913,"Growth_1_NC",TRUE,NA,0.124582087922309,-1,-1,-1,-1,-1,-1,-1,-1,-1,NA,0.124582087922309,NA,0.0163493914127847,NA,0.108690403059172,NA,0.154483958092511,18735.8803197679,154972.769440357,-8,0,0.124582087922309,24.9811737596905
"83",8,26950557.7309305,948531.798216568,18835.6881443606,173808.457584718,-1,-1,-1,-1,19.4155591249774,163.330524601808,55386.4967919623,298539395861.155,"Growth_1_NC",TRUE,NA,0.126470906428876,-1,-1,-1,-1,-1,-1,-1,-1,-1,NA,0.126470906428876,NA,0.0171476323946045,NA,0.106815148499671,NA,0.155928661689201,18835.6881443606,173808.457584718,-9,0,0.126470906428876,25.1142508591475
"84",9,25344499.6152375,971088.29745183,19049.9089169843,192858.366501702,-1,-1,-1,-1,19.9360727884615,162.050234480119,59208.4351484956,300121632367.973,"Growth_1_NC",TRUE,NA,0.129478439660244,-1,-1,-1,-1,-1,-1,-1,-1,-1,NA,0.129478439660244,NA,0.0169784950450716,NA,0.108963751417152,NA,0.158002337103075,19049.9089169843,192858.366501702,-10,0,0.129478439660244,25.3998785559791
"85",10,25760637.9693396,975228.031878309,19169.9563660944,212028.322867797,-1,-1,-1,-1,19.484602730945,163.390482349493,58765.9785030545,302769819426.236,"Growth_1_NC",TRUE,NA,0.130030404250441,-1,-1,-1,-1,-1,-1,-1,-1,-1,NA,0.130030404250441,NA,0.0179879632032822,NA,0.107755243434329,NA,0.160006801030809,19169.9563660944,212028.322867797,-11,0,0.130030404250441,25.5599418214592
"86",11,29703275.554027,967599.623217114,19300.2028010437,231328.52566884,-1,-1,-1,-1,17.7718055501438,165.165912172143,51448.6959794237,305638958714.436,"Growth_1_NC",TRUE,NA,0.129013283095615,-1,-1,-1,-1,-1,-1,-1,-1,-1,NA,0.129013283095615,NA,0.0178384854814227,NA,0.11129101263562,NA,0.160819913785284,19300.2028010437,231328.52566884,-12,0,0.129013283095615,25.733603734725
"87",12,33423662.9266721,949474.48751724,19669.907711463,250998.433380303,-1,-1,-1,-1,16.6962562530799,166.5498141741,45851.7469140065,306506666690.566,"Growth_1_NC",TRUE,NA,0.126596598335632,-1,-1,-1,-1,-1,-1,-1,-1,-1,NA,0.126596598335632,NA,0.0167778612079497,NA,0.112216519666346,NA,0.157100454310462,19669.907711463,250998.433380303,-13,0,0.126596598335632,26.226543615284
"88",13,24334778.081277,937089.722850581,19910.1823790956,270908.615759399,-1,-1,-1,-1,20.0672881727449,166.343723001507,62657.6194932808,304951853094.017,"Growth_1_NC",TRUE,NA,0.124945296380077,-1,-1,-1,-1,-1,-1,-1,-1,-1,NA,0.124945296380077,NA,0.0170633338776433,NA,0.10665453832572,NA,0.155348430561484,19910.1823790956,270908.615759399,-14,0,0.124945296380077,26.5469098387942
"89",14,31324700.4722457,936085.781007621,19633.7078556951,290542.323615094,-1,-1,-1,-1,17.1725291053183,165.228971501561,48280.1351751342,302472154624.123,"Growth_1_NC",TRUE,NA,0.124811437467683,-1,-1,-1,-1,-1,-1,-1,-1,-1,NA,0.124811437467683,NA,0.0165832939560704,NA,0.107507816187812,NA,0.15377467085223,19633.7078556951,290542.323615094,-15,0,0.124811437467683,26.1782771409267
"90",15,28451787.0042491,928028.599370734,19246.2462209372,309788.569836031,-1,-1,-1,-1,18.1925650122194,165.925100708093,52897.0355965472,301003037989.829,"Growth_1_NC",TRUE,NA,0.123737146582765,-1,-1,-1,-1,-1,-1,-1,-1,-1,NA,0.123737146582765,NA,0.0157034281998182,NA,0.107841996326131,NA,0.150213917825391,19246.2462209372,309788.569836031,-16,0,0.123737146582765,25.6616616279162
"91",16,30377807.8416735,930771.852685965,19038.419555473,328826.989391504,-1,-1,-1,-1,17.5145861295728,165.254234341601,49408.3274677607,300183335518.822,"Growth_1_NC",TRUE,NA,0.124102913691462,-1,-1,-1,-1,-1,-1,-1,-1,-1,NA,0.124102913691462,NA,0.015439385168344,NA,0.104197518266358,NA,0.147558139395556,19038.419555473,328826.989391504,-17,0,0.124102913691462,25.3845594072973
"92",17,36359495.6423181,928147.571063678,19137.0815110923,347964.070902597,-1,-1,-1,-1,16.0413163292017,165.273317473338,41146.6786461576,299214496586.166,"Growth_1_NC",TRUE,NA,0.123753009475157,-1,-1,-1,-1,-1,-1,-1,-1,-1,NA,0.123753009475157,NA,0.0158147821977991,NA,0.101352257503995,NA,0.145551604065635,19137.0815110923,347964.070902597,-18,0,0.123753009475157,25.5161086814564
"93",18,23190324.5101131,932887.263151025,19142.666452996,367106.737355593,-1,-1,-1,-1,20.9165840603284,164.583671010472,64366.9605644024,298538140643.629,"Growth_1_NC",TRUE,NA,0.124384968420137,-1,-1,-1,-1,-1,-1,-1,-1,-1,NA,0.124384968420137,NA,0.0152349195732386,NA,0.100866000173491,NA,0.14594708920614,19142.666452996,367106.737355593,-19,0,0.124384968420137,25.5235552706614
"94",19,24209072.0993779,948265.566301445,18999.7468468046,386106.484202397,-1,-1,-1,-1,19.9858512814337,163.240492549188,61661.4403320883,298553250950.203,"Growth_1_NC",TRUE,NA,0.126435408840193,-1,-1,-1,-1,-1,-1,-1,-1,-1,NA,0.126435408840193,NA,0.0138070728473707,NA,0.104872725515917,NA,0.146275382741235,18999.7468468046,386106.484202397,-20,0,0.126435408840193,25.3329957957394
"95",20,31852498.3042452,943019.04723644,19024.5058052637,405130.990007661,-1,-1,-1,-1,16.9440901321629,165.023385218187,47082.1418485801,299936768678.427,"Growth_1_NC",TRUE,NA,0.125735872964859,-1,-1,-1,-1,-1,-1,-1,-1,-1,NA,0.125735872964859,NA,0.0137055400482003,NA,0.10603550709066,NA,0.146464182196708,19024.5058052637,405130.990007661,-21,0,0.125735872964859,25.3660077403516
"96",21,31359406.5681011,931845.716021772,19050.4770294587,424181.46703712,-1,-1,-1,-1,17.1978430508423,166.323897843315,47981.624294504,300935052809.845,"Growth_1_NC",TRUE,NA,0.12424609546957,-1,-1,-1,-1,-1,-1,-1,-1,-1,NA,0.12424609546957,NA,0.0141443822667059,NA,0.107320121102195,NA,0.146624565052936,19050.4770294587,424181.46703712,-22,0,0.12424609546957,25.4006360392782
"97",22,31979999.7964394,926138.780220758,19309.2137617295,443490.680798849,-1,-1,-1,-1,17.1097926902749,165.688872440989,46864.0687201569,299742581626.188,"Growth_1_NC",TRUE,NA,0.123485170696101,-1,-1,-1,-1,-1,-1,-1,-1,-1,NA,0.123485170696101,NA,0.0151335030227852,NA,0.107292561453253,NA,0.147325396526304,19309.2137617295,443490.680798849,-23,0,0.123485170696101,25.7456183489727
"98",23,30014760.2699766,927068.496096779,19390.525349564,462881.206148413,-1,-1,-1,-1,17.8241455529423,164.797923081838,49637.4756764053,297971386566.82,"Growth_1_NC",TRUE,NA,0.123609132812904,-1,-1,-1,-1,-1,-1,-1,-1,-1,NA,0.123609132812904,NA,0.0151891528192159,NA,0.105915920503854,NA,0.145220931341105,19390.525349564,462881.206148413,-24,0,0.123609132812904,25.8540337994187
"99",24,26232116.3884733,936885.095082552,18970.3382033097,481851.544351723,-1,-1,-1,-1,19.239720869685,163.886165250475,56661.5029395139,297270227971.031,"Growth_1_NC",TRUE,NA,0.124918012677674,-1,-1,-1,-1,-1,-1,-1,-1,-1,NA,0.124918012677674,NA,0.0136534484853547,NA,0.108440409235059,NA,0.143708706146165,18970.3382033097,481851.544351723,-25,0,0.124918012677674,25.2937842710796
"100",25,33134133.8343143,944583.322997816,18785.5696769731,500637.114028696,-1,-1,-1,-1,16.8090764371872,163.922636385736,44981.0094458133,298081357396.027,"Growth_1_NC",TRUE,NA,0.125944443066375,-1,-1,-1,-1,-1,-1,-1,-1,-1,NA,0.125944443066375,NA,0.0113678610634076,NA,0.112506546306949,NA,0.139855471449383,18785.5696769731,500637.114028696,-26,0,0.125944443066375,25.0474262359641
"101",26,34357731.0804796,943711.653446423,18953.6836635481,519590.797692244,-1,-1,-1,-1,16.6652541799041,164.761544961532,43582.540189846,299479439129.384,"Growth_1_NC",TRUE,NA,0.125828220459523,-1,-1,-1,-1,-1,-1,-1,-1,-1,NA,0.125828220459523,NA,0.00824184185910958,NA,0.113527868976244,NA,0.136936017304568,18953.6836635481,519590.797692244,-27,0,0.125828220459523,25.2715782180641
"102",27,34075715.0742244,950252.441267805,19162.7988338101,538753.596526054,-1,-1,-1,-1,16.9240053153002,164.007323294815,44030.2837307983,300072680609.589,"Growth_1_NC",TRUE,NA,0.126700325502374,-1,-1,-1,-1,-1,-1,-1,-1,-1,NA,0.126700325502374,NA,0.00682283806717192,NA,0.116711746686694,NA,0.137076982659929,19162.7988338101,538753.596526054,-28,0,0.126700325502374,25.5503984450802
"103",28,32611294.0625503,962504.101320773,19304.3684069853,558057.96493304,-1,-1,-1,-1,17.4912493714968,163.023099110458,46095.8611111857,300649136352.671,"Growth_1_NC",TRUE,NA,0.128333880176103,-1,-1,-1,-1,-1,-1,-1,-1,-1,NA,0.128333880176103,NA,0.00612694690547402,NA,0.121239512129922,NA,0.137797342812224,19304.3684069853,558057.96493304,-29,0,0.128333880176103,25.7391578759803
"104",29,31725135.7672883,980774.248309157,19237.1903234353,577295.155256475,-1,-1,-1,-1,17.8473723606313,162.355674172347,47692.2354397847,302608528874.529,"Growth_1_NC",TRUE,NA,0.130769899774554,-1,-1,-1,-1,-1,-1,-1,-1,-1,NA,0.130769899774554,NA,0.0062057665086373,NA,0.122434451134641,NA,0.139721148410885,19237.1903234353,577295.155256475,-30,0,0.130769899774554,25.6495870979137
"105",30,32614647.8652004,996801.444020214,19220.6975337282,596515.852790203,-1,-1,-1,-1,17.6248426097953,162.40799946227,46889.6193294066,305857684592.378,"Growth_1_NC",TRUE,NA,0.132906859202695,-1,-1,-1,-1,-1,-1,-1,-1,-1,NA,0.132906859202695,NA,0.00611090077570507,NA,0.124387309599827,NA,0.139304510227781,19220.6975337282,596515.852790203,-31,0,0.132906859202695,25.6275967116377
"106",31,34975530.7804264,1007225.20853778,19522.3725469026,616038.225337106,-1,-1,-1,-1,17.0505447697937,162.854217032591,44245.0592074144,309498886038.142,"Growth_1_NC",TRUE,NA,0.134296694471704,-1,-1,-1,-1,-1,-1,-1,-1,-1,NA,0.134296694471704,NA,0.0071177748055008,NA,0.125446151470831,NA,0.142660567970275,19522.3725469026,616038.225337106,-32,0,0.134296694471704,26.0298300625369
"107",32,30858888.3383184,1014712.18034814,19887.6941521849,635925.919489291,-1,-1,-1,-1,18.3853604815986,163.084455266361,50653.692346819,312623327210.804,"Growth_1_NC",TRUE,NA,0.135294957379752,-1,-1,-1,-1,-1,-1,-1,-1,-1,NA,0.135294957379752,NA,0.00722210600015235,NA,0.123893757529595,NA,0.144049356059004,19887.6941521849,635925.919489291,-33,0,0.135294957379752,26.5169255362466
"108",33,33710545.1964476,1023766.18055288,20160.11990331,656086.039392601,-1,-1,-1,-1,17.4765614579276,162.941622871716,46761.4175796319,315270576153.628,"Growth_1_NC",TRUE,NA,0.136502157407051,-1,-1,-1,-1,-1,-1,-1,-1,-1,NA,0.136502157407051,NA,0.00748807097462146,NA,0.124820153643503,NA,0.146608498812913,20160.11990331,656086.039392601,-34,0,0.136502157407051,26.88015987108
"109",34,37898338.4281583,1026767.72921911,20303.5021928153,676389.541585416,-1,-1,-1,-1,16.5217434212955,163.547627185583,41956.0264452096,318012737864.263,"Growth_1_NC",TRUE,NA,0.136902363895881,-1,-1,-1,-1,-1,-1,-1,-1,-1,NA,0.136902363895881,NA,0.00768382835375247,NA,0.127219711509677,NA,0.149084015269921,20303.5021928152,676389.541585416,-35,0,0.136902363895881,27.071336257087
"110",35,32085826.0625566,1034026.90728977,20407.7986513566,696797.340236772,-1,-1,-1,-1,18.2725530722424,163.42897896244,49950.8247858057,320542695151.721,"Growth_1_NC",TRUE,NA,0.137870254305302,-1,-1,-1,-1,-1,-1,-1,-1,-1,NA,0.137870254305302,NA,0.0075890744895011,NA,0.13023237581451,NA,0.151515090454368,20407.7986513566,696797.340236772,-36,0,0.137870254305302,27.2103982018087
"111",36,36226664.9389599,1047733.62566967,20595.7650778752,717393.105314648,-1,-1,-1,-1,17.0972277655295,162.708018045189,44544.0917601154,322736777440.797,"Growth_1_NC",TRUE,NA,0.139697816755955,-1,-1,-1,-1,-1,-1,-1,-1,-1,NA,0.139697816755955,NA,0.00775689521598427,NA,0.132113012413834,NA,0.154099234138083,20595.7650778752,717393.105314648,-37,0,0.139697816755955,27.4610201038336
"112",37,34525407.3533256,1055221.80795413,20740.7573119831,738133.862626631,-1,-1,-1,-1,17.6822780567206,163.093897519973,47120.80169812,325372974688.574,"Growth_1_NC",TRUE,NA,0.140696241060551,-1,-1,-1,-1,-1,-1,-1,-1,-1,NA,0.140696241060551,NA,0.00824100790660211,NA,0.131175419149502,NA,0.155139863539846,20740.7573119831,738133.862626631,-38,0,0.140696241060551,27.6543430826442
"113",38,38650128.7585305,1068017.48847651,20803.2464417453,758937.109068376,-1,-1,-1,-1,16.7171016787294,162.852467353979,42482.5330758488,328391074674.017,"Growth_1_NC",TRUE,NA,0.142402331796868,-1,-1,-1,-1,-1,-1,-1,-1,-1,NA,0.142402331796868,NA,0.00897003018524313,NA,0.131176133608127,NA,0.156761498297448,20803.2464417453,758937.109068376,-39,0,0.142402331796868,27.737661922327
"114",39,34166033.0114622,1077128.26709994,21075.4508312741,780012.55989965,-1,-1,-1,-1,18.0505827643847,162.968939561828,48512.3163193923,331494680166.171,"Growth_1_NC",TRUE,NA,0.143617102279992,-1,-1,-1,-1,-1,-1,-1,-1,-1,NA,0.143617102279992,NA,0.00970098595092028,NA,0.131113360983286,NA,0.157911504759124,21075.4508312741,780012.55989965,-40,0,0.143617102279992,28.1006011083655
"115",40,32580839.1483318,1093169.70609355,21340.8881120171,801353.448011667,-1,-1,-1,-1,18.5302830236351,162.478352074959,51368.6185974586,334726539959.161,"Growth_1_NC",TRUE,NA,0.145755960812474,-1,-1,-1,-1,-1,-1,-1,-1,-1,NA,0.145755960812474,NA,0.00981701792785189,NA,0.133891213551264,NA,0.15955104060335,21340.8881120171,801353.448011667,-41,0,0.145755960812474,28.4545174826894
"116",41,32521298.8067549,1100691.88949504,21480.4993467575,822833.947358425,-1,-1,-1,-1,18.4784903131011,163.020389379122,51987.0233859424,338137104321.597,"Growth_1_NC",TRUE,NA,0.146758918599339,-1,-1,-1,-1,-1,-1,-1,-1,-1,NA,0.146758918599339,NA,0.00986922653214822,NA,0.136871670485231,NA,0.160935521895196,21480.4993467575,822833.947358425,-42,0,0.146758918599339,28.6406657956766
"117",42,31263530.8576699,1101549.2172545,21692.1905184312,844526.137876856,-1,-1,-1,-1,18.8056896156466,163.90026545779,54623.9709942551,341547640549.472,"Growth_1_NC",TRUE,NA,0.146873228967266,-1,-1,-1,-1,-1,-1,-1,-1,-1,NA,0.146873228967266,NA,0.0105880949041677,NA,0.13663627650108,NA,0.162279805111365,21692.1905184312,844526.137876856,-43,0,0.146873228967266,28.9229206912416
"118",43,26723989.5066719,1095068.426932,21957.8800437278,866484.017920584,-1,-1,-1,-1,20.4323031089603,164.765586076854,64340.3970336212,343886419036.319,"Growth_1_NC",TRUE,NA,0.146009123590934,-1,-1,-1,-1,-1,-1,-1,-1,-1,NA,0.146009123590934,NA,0.0119303124875469,NA,0.133077833988755,NA,0.163094498160299,21957.8800437278,866484.017920584,-44,0,0.146009123590934,29.2771733916371
"119",44,27395585.8714268,1080803.37353199,22209.8306062005,888693.848526784,-1,-1,-1,-1,19.7422684716163,165.76123109406,62902.8074016299,344651852345.034,"Growth_1_NC",TRUE,NA,0.144107116470932,-1,-1,-1,-1,-1,-1,-1,-1,-1,NA,0.144107116470932,NA,0.0132919911706818,NA,0.124531753669247,NA,0.161898987427897,22209.8306062005,888693.848526784,-45,0,0.144107116470932,29.613107474934
"120",45,32085696.3336971,1055031.12604386,22207.8624639743,910901.710990758,-1,-1,-1,-1,17.7861958470387,167.322361878683,53582.4989183911,343846357819.23,"Growth_1_NC",TRUE,NA,0.140670816805847,-1,-1,-1,-1,-1,-1,-1,-1,-1,NA,0.140670816805847,NA,0.012536546845215,NA,0.119396183557009,NA,0.158224879180961,22207.8624639743,910901.710990758,-46,0,0.140670816805847,29.610483285299
"121",46,29502318.6039979,1027477.95454289,22088.5690230427,932990.280013801,-1,-1,-1,-1,18.5837271573209,168.221757254873,57817.6399819162,341150887135.548,"Growth_1_NC",TRUE,NA,0.136997060605719,-1,-1,-1,-1,-1,-1,-1,-1,-1,NA,0.136997060605719,NA,0.011869797859977,NA,0.119494770619309,NA,0.155983642130217,22088.5690230427,932990.280013801,-47,0,0.136997060605719,29.451425364057
"122",47,27899868.0995217,1009007.86856649,21908.6513052841,954898.931319085,-1,-1,-1,-1,19.0273863581026,167.783731540178,60362.0956089413,336818901140.035,"Growth_1_NC",TRUE,NA,0.134534382475532,-1,-1,-1,-1,-1,-1,-1,-1,-1,NA,0.134534382475532,NA,0.0113652030219947,NA,0.122283101290306,NA,0.151772659757674,21908.6513052841,954898.931319085,-48,0,0.134534382475532,29.2115350737121
"123",48,33446201.8191782,993055.055349698,21539.2643938137,976438.195712899,-1,-1,-1,-1,17.0771455295397,167.613102402999,49645.5870825047,332091264998.608,"Growth_1_NC",TRUE,NA,0.132407340713293,-1,-1,-1,-1,-1,-1,-1,-1,-1,NA,0.132407340713293,NA,0.0118950512377082,NA,0.114546899981391,NA,0.146238659299945,21539.2643938137,976438.195712899,-49,0,0.132407340713293,28.7190191917516
"124",49,28361565.0755444,980554.841411086,21028.38006338,997466.575776279,-1,-1,-1,-1,18.7827087077263,167.494725090969,57805.1402729525,327888849510.463,"Growth_1_NC",TRUE,NA,0.130740645521478,-1,-1,-1,-1,-1,-1,-1,-1,-1,NA,0.130740645521478,NA,0.0138686311615624,NA,0.107295017472867,NA,0.147246048345892,21028.38006338,997466.575776279,-50,0,0.130740645521478,28.0378400845067
"125",50,32495834.4841311,978944.8058058,20718.5817686229,1018185.1575449,-1,-1,-1,-1,17.3195008107219,166.39972695546,49882.8139499274,324196733143.909,"Growth_1_NC",TRUE,NA,0.13052597410744,-1,-1,-1,-1,-1,-1,-1,-1,-1,NA,0.13052597410744,NA,0.0144098732762382,NA,0.105406978066299,NA,0.149375584472385,20718.5817686229,1018185.1575449,-51,0,0.13052597410744,27.6247756914972
"126",51,32656787.80658,973592.32182283,20574.9613514406,1038760.11889634,-1,-1,-1,-1,17.3633098067921,166.351233929728,49194.0061853879,321303644270.359,"Growth_1_NC",TRUE,NA,0.129812309576377,-1,-1,-1,-1,-1,-1,-1,-1,-1,NA,0.129812309576377,NA,0.0134524976269864,NA,0.10751936042675,NA,0.148421375957371,20574.9613514406,1038760.11889634,-52,0,0.129812309576377,27.4332818019208
"127",52,38340209.0352406,977372.670863557,20337.0991128719,1059097.21800921,-1,-1,-1,-1,16.0793791867325,165.470273071463,41619.5425828809,319140392515.75,"Growth_1_NC",TRUE,NA,0.130316356115141,-1,-1,-1,-1,-1,-1,-1,-1,-1,NA,0.130316356115141,NA,0.0126090940697875,NA,0.108929522203697,NA,0.145937319351337,20337.0991128719,1059097.21800921,-53,0,0.130316356115141,27.1161321504959
"128",53,31862757.1900515,984955.497237997,20214.212563284,1079311.4305725,-1,-1,-1,-1,18.0170183665703,164.575938413074,49857.2462321028,317717866171.621,"Growth_1_NC",TRUE,NA,0.131327399631733,-1,-1,-1,-1,-1,-1,-1,-1,-1,NA,0.131327399631733,NA,0.0111366404389763,NA,0.112636614530828,NA,0.145389655001699,20214.212563284,1079311.4305725,-54,0,0.131327399631733,26.952283417712
"129",54,26163084.8762468,1006578.75497785,20188.0293195907,1099499.45989209,-1,-1,-1,-1,20.1712489514404,162.949654041583,60699.6315944342,317617922672.419,"Growth_1_NC",TRUE,NA,0.134210500663714,-1,-1,-1,-1,-1,-1,-1,-1,-1,NA,0.134210500663714,NA,0.00975575068772023,NA,0.117589875401038,NA,0.145960312524212,20188.0293195907,1099499.45989209,-55,0,0.134210500663714,26.917372426121
"130",55,35925078.5343416,1018454.39919277,20124.5011149654,1119623.96100705,-1,-1,-1,-1,16.7147423192128,163.273117515073,44416.9391529083,319136405464.66,"Growth_1_NC",TRUE,NA,0.135793919892369,-1,-1,-1,-1,-1,-1,-1,-1,-1,NA,0.135793919892369,NA,0.00770134764804198,NA,0.122644574228983,NA,0.14325759255443,20124.5011149654,1119623.96100705,-56,0,0.135793919892369,26.8326681532872
"131",56,29786583.1198637,1016496.52073423,20235.9413457199,1139859.90235277,-1,-1,-1,-1,18.6786046371472,164.677414398996,53963.4070412868,321477101853.265,"Growth_1_NC",TRUE,NA,0.135532869431231,-1,-1,-1,-1,-1,-1,-1,-1,-1,NA,0.135532869431231,NA,0.00629795981907532,NA,0.124052555495083,NA,0.141387097433798,20235.9413457199,1139859.90235277,-57,0,0.135532869431231,26.9812551276266
"132",57,34709227.3142214,1020696.49274314,20551.9736456879,1160411.87599846,-1,-1,-1,-1,17.0951893049179,164.280151816161,46494.5489170454,322757973446.783,"Growth_1_NC",TRUE,NA,0.136092865699086,-1,-1,-1,-1,-1,-1,-1,-1,-1,NA,0.136092865699086,NA,0.0058633405988053,NA,0.126888046754706,NA,0.14527185424083,20551.9736456879,1160411.87599846,-58,0,0.136092865699086,27.4026315275838
"133",58,34421834.2076363,1015424.14298152,20865.9819239353,1181277.8579224,-1,-1,-1,-1,17.2946616364519,164.803118511073,46927.8590171277,323068596561.38,"Growth_1_NC",TRUE,NA,0.13538988573087,-1,-1,-1,-1,-1,-1,-1,-1,-1,NA,0.13538988573087,NA,0.00746958638886353,NA,0.127433432472105,NA,0.148758815131226,20865.9819239353,1181277.8579224,-59,0,0.13538988573087,27.8213092319137
"134",59,35714974.8105939,1021602.46529969,20732.7781913286,1202010.63611373,-1,-1,-1,-1,17.0548397660949,164.144176417198,45261.7022047595,323304110825.518,"Growth_1_NC",TRUE,NA,0.136213662039959,-1,-1,-1,-1,-1,-1,-1,-1,-1,NA,0.136213662039959,NA,0.00800347537139465,NA,0.127468800629177,NA,0.150774269612528,20732.7781913286,1202010.63611373,-60,0,0.136213662039959,27.6437042551047
"135",60,35136653.9256998,1030002.68691182,20612.5094043206,1222623.14551805,-1,-1,-1,-1,17.3446640813168,163.643168205331,46087.2252758884,323870176982.932,"Growth_1_NC",TRUE,NA,0.137333691588242,-1,-1,-1,-1,-1,-1,-1,-1,-1,NA,0.137333691588242,NA,0.00773192439797858,NA,0.127785580676777,NA,0.150982221918166,20612.5094043206,1222623.14551805,-61,0,0.137333691588242,27.4833458724275
"136",61,35928628.3541419,1044524.72959091,20699.0793589331,1243322.22487698,-1,-1,-1,-1,17.2493507633265,163.051104322765,45283.4046429742,325394123205.529,"Growth_1_NC",TRUE,NA,0.139269963945455,-1,-1,-1,-1,-1,-1,-1,-1,-1,NA,0.139269963945455,NA,0.00818863535802111,NA,0.127717974518258,NA,0.151957848270991,20699.0793589331,1243322.22487698,-62,0,0.139269963945455,27.5987724785774
"137",62,33735747.2115108,1058692.60946567,20739.118690132,1264061.34356711,-1,-1,-1,-1,17.9663563983099,162.804890735169,48556.0249038416,327614756350.365,"Growth_1_NC",TRUE,NA,0.141159014595422,-1,-1,-1,-1,-1,-1,-1,-1,-1,NA,0.141159014595422,NA,0.00876098090383926,NA,0.128399544555738,NA,0.152532127730151,20739.118690132,1264061.34356711,-63,0,0.141159014595422,27.6521582535094
"138",63,30878490.1429367,1072821.3189603,20941.2204063169,1285002.56397343,-1,-1,-1,-1,18.8858893474904,162.696656315468,53517.0470070905,330505121697.505,"Growth_1_NC",TRUE,NA,0.14304284252804,-1,-1,-1,-1,-1,-1,-1,-1,-1,NA,0.14304284252804,NA,0.00862844968082205,NA,0.129523851196832,NA,0.15087203714499,20941.2204063169,1285002.56397343,-64,0,0.14304284252804,27.9216272084226
"139",64,33855550.9302395,1080100.27700631,21187.8174422609,1306190.38141569,-1,-1,-1,-1,17.8343014405062,163.266700409716,49307.622666986,333867346090.235,"Growth_1_NC",TRUE,NA,0.144013370267508,-1,-1,-1,-1,-1,-1,-1,-1,-1,NA,0.144013370267508,NA,0.00865618873453355,NA,0.130377151730594,NA,0.152731450446555,21187.817442261,1306190.38141569,-65,0,0.144013370267508,28.2504232563479
"140",65,29923158.9502142,1077618.05606422,21445.4888937517,1327635.87030944,-1,-1,-1,-1,19.1071938102499,164.293204141689,56279.7628369595,336813657810.139,"Growth_1_NC",TRUE,NA,0.14368240747523,-1,-1,-1,-1,-1,-1,-1,-1,-1,NA,0.14368240747523,NA,0.00931255808772271,NA,0.127182560579926,NA,0.154179562240895,21445.4888937517,1327635.87030944,-66,0,0.14368240747523,28.5939851916689
"141",66,27572322.2611206,1073706.3596969,21677.710804002,1349313.58111344,-1,-1,-1,-1,19.828348938643,164.720064219654,61390.1917387964,338534030058.816,"Growth_1_NC",TRUE,NA,0.143160847959586,-1,-1,-1,-1,-1,-1,-1,-1,-1,NA,0.143160847959586,NA,0.00970676104948313,NA,0.125169207285577,NA,0.153932337002106,21677.710804002,1349313.58111344,-67,0,0.143160847959586,28.903614405336
"142",67,33235225.3773744,1059856.6843174,21832.1708600011,1371145.75197344,-1,-1,-1,-1,17.5997279914489,165.764598241301,50991.691967094,338944074980.004,"Growth_1_NC",TRUE,NA,0.141314224575654,-1,-1,-1,-1,-1,-1,-1,-1,-1,NA,0.141314224575654,NA,0.00914162563145632,NA,0.123909114958063,NA,0.148875178839368,21832.1708600011,1371145.75197344,-68,0,0.141314224575654,29.1095611466681
"143",68,34398410.0476396,1040531.96485354,21783.8036346211,1392929.55560806,-1,-1,-1,-1,17.2948265355792,166.814361052724,49150.5308899329,338140023122.217,"Growth_1_NC",TRUE,NA,0.138737595313805,-1,-1,-1,-1,-1,-1,-1,-1,-1,NA,0.138737595313805,NA,0.00850809285796179,NA,0.123705409286168,NA,0.146090401398519,21783.8036346211,1392929.55560806,-69,0,0.138737595313805,29.0450715128281
"144",69,36046400.7119908,1029910.04992393,21678.9153461549,1414608.47095422,-1,-1,-1,-1,16.942513795055,166.381007665587,46595.5702429241,335920519276.032,"Growth_1_NC",TRUE,NA,0.137321339989858,-1,-1,-1,-1,-1,-1,-1,-1,-1,NA,0.137321339989858,NA,0.00938087690113381,NA,0.124759829165139,NA,0.14625756348465,21678.9153461549,1414608.47095422,-70,0,0.137321339989858,28.9052204615398
"145",70,34845336.2529489,1028261.39753992,21555.6983847486,1436164.16933897,-1,-1,-1,-1,17.3894334280945,165.431617619805,47828.0853676395,333317143394.028,"Growth_1_NC",TRUE,NA,0.13710151967199,-1,-1,-1,-1,-1,-1,-1,-1,-1,NA,0.13710151967199,NA,0.0116726221233807,NA,0.116734551566483,NA,0.147540083479598,21555.6983847486,1436164.16933897,-71,0,0.13710151967199,28.7409311796648
"146",71,36457330.7730848,1038336.89327263,21225.410801748,1457389.58014072,-1,-1,-1,-1,17.0729683912926,164.229939894972,45500.3181674396,331764029942.189,"Growth_1_NC",TRUE,NA,0.138444919103017,-1,-1,-1,-1,-1,-1,-1,-1,-1,NA,0.138444919103017,NA,0.0135789933044149,NA,0.113801777547809,NA,0.149799545111666,21225.410801748,1457389.58014072,-72,0,0.138444919103017,28.300547735664
"147",72,34739193.9165435,1051844.33574651,20984.4746868209,1478374.05482754,-1,-1,-1,-1,17.6659511955211,163.58226197129,47775.5733627481,331936981504.511,"Growth_1_NC",TRUE,NA,0.140245911432868,-1,-1,-1,-1,-1,-1,-1,-1,-1,NA,0.140245911432868,NA,0.0138352482675696,NA,0.114614666831137,NA,0.152391273324368,20984.4746868209,1478374.05482754,-73,0,0.140245911432868,27.9792995824278
"148",73,35148414.4760159,1068817.28593702,21048.6317192561,1499422.68654679,-1,-1,-1,-1,17.6202898843352,163.055298399427,47461.734499398,333640943187.093,"Growth_1_NC",TRUE,NA,0.14250897145827,-1,-1,-1,-1,-1,-1,-1,-1,-1,NA,0.14250897145827,NA,0.0120344433660067,NA,0.11995152474461,NA,0.152796485298515,21048.6317192561,1499422.68654679,-74,0,0.14250897145827,28.0648422923415
"149",74,31822910.6866631,1081026.63410897,21260.1781784641,1520682.86472526,-1,-1,-1,-1,18.6764171041971,163.141854746054,52812.8351866009,336131627450.532,"Growth_1_NC",TRUE,NA,0.144136884547862,-1,-1,-1,-1,-1,-1,-1,-1,-1,NA,0.144136884547862,NA,0.00956755208896168,NA,0.125892248573416,NA,0.152139049877557,21260.1781784641,1520682.86472526,-75,0,0.144136884547862,28.3469042379522
"150",75,31112390.960771,1089854.28904042,21501.7944110499,1542184.65913631,-1,-1,-1,-1,18.8162722247314,163.389662696506,54459.4111057942,338872497963.365,"Growth_1_NC",TRUE,NA,0.145313905205389,-1,-1,-1,-1,-1,-1,-1,-1,-1,NA,0.145313905205389,NA,0.00760245798100186,NA,0.130613617357367,NA,0.151793184624734,21501.7944110499,1542184.65913631,-76,0,0.145313905205389,28.6690592147332
