"","h","Agg","nc_yield","mpa_yield","nc_prop_msy","mpa_prop_msy"
"1",0,0.5,0,0,0,0
"2",0,1.4,0,0,0,0
"3",0,1.5,0,0,0,0
"4",0,1.6,0,0,0,0
"5",0,1.7,0,0,0,0
"6",0,1.8,0,0,0,0
"7",0,1.9,0,0,0,0
"8",0,2,0,0,0,0
"9",0,-1,0,0,0,0
"10",0,0.6,0,0,0,0
"11",0,0.7,0,0,0,0
"12",0,0.8,0,0,0,0
"13",0,0.9,0,0,0,0
"14",0,1,0,0,0,0
"15",0,1.1,0,0,0,0
"16",0,1.2,0,0,0,0
"17",0,1.3,0,0,0,0
"18",0.09,0.5,3104.35276365197,8184.34805997269,0.224277519514793,0.672117386355082
"19",0.09,1.4,26035.5167232069,21055.3187012352,0.953714687772311,0.92098997690637
"20",0.09,1.5,26241.4183131468,21170.9600857846,0.940233880509787,0.908579023762244
"21",0.09,1.6,26395.2871933409,21256.5768710151,0.929594340780985,0.896480160487092
"22",0.09,1.7,26512.17782382,21320.7514075884,0.918217631685315,0.886478635284532
"23",0.09,1.8,26602.19354,21369.33693,0.909552959453301,0.876810764063256
"24",0.09,1.9,26672.3169902903,21406.4228911926,0.900417128870717,0.869137321666672
"25",0.09,2,26727.4911517643,21434.9237645818,0.892640737518705,0.861115591450037
"26",0.09,-1,26976.8762954441,21537.6394940071,0.813393995747957,0.78517526573416
"27",0.09,0.6,8950.45762919569,12456.0390146912,0.530547061723398,0.856936048390802
"28",0.09,0.7,15682.08502218,15866.3442574675,0.816568073553458,0.96541994503933
"29",0.09,0.8,20046.1984797538,17935.6755222826,0.952562724561997,1
"30",0.09,0.9,22506.0528421868,19146.3716155627,0.995601938170327,1
"31",0.09,1,23918.1376711047,19882.7534754994,1,0.985510481501522
"32",0.09,1.1,24788.190057677,20356.1416808125,0.992385233864546,0.968090104078477
"33",0.09,1.2,25360.1338538951,20674.7537155178,0.981840848144156,0.951468652696418
"34",0.09,1.3,25754.3140787564,20896.6895246348,0.966055988976191,0.936430970172692
"35",0.1,0.5,1520.49444676305,7151.89166512082,0.109849862086829,0.587329705216831
"36",0.1,1.4,26825.2710339758,21840.5617217227,0.982644410731888,0.955337638015971
"37",0.1,1.5,27130.2269744827,22009.9184741989,0.972080025664978,0.944584003717519
"38",0.1,1.6,27360.1068917448,22137.7137412677,0.963573547937957,0.933641446034073
"39",0.1,1.7,27536.8092510092,22235.6664946974,0.953704518076772,0.924519165016188
"40",0.1,1.8,27674.83431,22311.73805,0.946227513576696,0.915478666992955
"41",0.1,1.9,27784.1167984646,22371.4858463714,0.937949810846555,0.908320525528767
"42",0.1,2,27871.6549029819,22418.8773751384,0.93085334673555,0.900644437207534
"43",0.1,-1,28328.8259600086,22645.560329684,0.854157341647124,0.825565580411267
"44",0.1,0.6,5533.25635440546,10939.5241483535,0.327989140020759,0.752604626872887
"45",0.1,0.7,11952.7128807834,14746.8596881466,0.622379212776524,0.897302632453131
"46",0.1,0.8,17839.4830309185,17455.0201479328,0.847703198083767,0.973201155777341
"47",0.1,0.9,21496.4972818384,19135.3022061445,0.950942153550545,0.999421853412205
"48",0.1,1,23662.4603950529,20175.0806802238,0.989310318404903,1
"49",0.1,1.1,24978.3946916933,20844.1792822825,1,0.991300021744095
"50",0.1,1.2,25829.1696682105,21295.390743276,1,0.980030863629619
"51",0.1,1.3,26410.7251707916,21611.8102325515,0.990678266422674,0.968477250877373
"52",0.11,0.5,687.35483714287,6446.79149818463,0.0496587371467234,0.52942526642134
"53",0.11,1.4,27253.7997447412,22399.6902246489,0.998341972256557,0.979794724337228
"54",0.11,1.5,27689.2240120669,22635.0105750197,0.992108971797739,0.971410636445744
"55",0.11,1.6,28017.4121235479,22814.1678495751,0.986722651002236,0.96217038986437
"56",0.11,1.7,28270.4391949889,22953.0085352564,0.979112915461963,0.954344961536691
"57",0.11,1.8,28469.12407,23062.21522,0.973384995939388,0.946271688928789
"58",0.11,1.9,28627.5243239696,23149.2092088776,0.96642197480815,0.939897422038849
"59",0.11,2,28755.4411938284,23219.2765969105,0.960369908615248,0.932799263453816
"60",0.11,-1,29471.9601367562,23596.7041689505,0.888624581868625,0.860240439601629
"61",0.11,0.6,3042.83512801557,9591.17119029215,0.180367005058094,0.659842212243779
"62",0.11,0.7,8010.5140961935,13260.8416585955,0.417108442815486,0.806882846953931
"63",0.11,0.8,14378.4080509313,16485.8546208935,0.683238548280975,0.919165525737355
"64",0.11,0.9,19419.6612047892,18687.8220141011,0.859069001111464,0.97605031330903
"65",0.11,1,22593.4007967261,20105.4005182131,0.944613711460529,0.996546226351451
"66",0.11,1.1,24562.2785966225,21027.1147231584,0.983340959248707,1
"67",0.11,1.2,25816.3846413772,21648.2787661705,0.999505015956861,0.996271051847393
"68",0.11,1.3,26659.2354611355,22083.8304011909,1,0.989629611108356
"69",0.12,0.5,297.036681936336,6000.87242034891,0.0214597551572121,0.492805371602031
"70",0.12,1.4,27299.0623474833,22739.5363063631,1,0.994660081608278
"71",0.12,1.5,27909.4583348974,23055.8561227307,1,0.989471765244088
"72",0.12,1.6,28366.3454408538,23297.3883535296,0.999011452207601,0.982549851598233
"73",0.12,1.7,28717.4649884916,23485.4631194842,0.994595120211039,0.976483468953895
"74",0.12,1.8,28993.02425,23634.3152,0.991297615004451,0.969745670467269
"75",0.12,1.9,29213.011230416,23753.7567830854,0.986187128299906,0.964443085839746
"76",0.12,2,29391.1478612733,23850.7390478055,0.981601144470923,0.958167310844748
"77",0.12,-1,30427.0055482398,24408.054600633,0.917420658733113,0.889818996294302
"78",0.12,0.6,1501.58258475612,8550.9360417817,0.089007764885534,0.588277327410776
"79",0.12,0.7,4832.08821482144,11755.3787691231,0.251607420775774,0.715279899455225
"80",0.12,0.8,10226.1106931837,15120.0354122693,0.485928136120663,0.84301454904694
"81",0.12,0.9,16196.1502443304,17814.3499140189,0.71647030633144,0.930429549353304
"82",0.12,1,20567.6988653492,19658.8463680321,0.8599205819522,0.974412280160162
"83",0.12,1.1,23404.7753841092,20892.401319048,0.937000782996378,0.993593348118178
"84",0.12,1.2,25239.7636138646,21729.3062224662,0.977180603870851,1
"85",0.12,1.3,26455.639970983,22315.2482032724,0.992363040926312,1
"86",0.13,0.5,125.791447842799,5727.70288311589,0.00908794716524695,0.470372064263255
"87",0.13,1.4,26914.8884479028,22861.6154672612,0.985927212638645,1
"88",0.13,1.5,27765.6300531106,23277.6770948553,0.994846611494177,0.998991498004733
"89",0.13,1.6,28394.414676799,23595.0893376552,1,0.995105166955242
"90",0.13,1.7,28873.522908898,23842.4365936536,1,0.991325786289007
"91",0.13,1.8,29247.54767,24038.61959,1,0.986334787961708
"92",0.13,1.9,29545.2883676251,24196.5472881257,0.997404302495313,0.982421136426073
"93",0.13,2,29786.1188805391,24325.2946759774,0.994792327284678,0.977231864323797
"94",0.13,-1,31212.3220220302,25094.5687780773,0.941099149064884,0.914846527832987
"95",0.13,0.6,684.51779791127,7820.18038537695,0.0405754567447553,0.538003651822563
"96",0.13,0.7,2624.59099036813,10480.930116584,0.136662771936224,0.637733482453043
"97",0.13,0.8,6594.06927698289,13587.6702352154,0.313339439534,0.757577835210868
"98",0.13,0.9,12066.194534031,16567.717428022,0.533773147546481,0.865318910584358
"99",0.13,1,17506.2459679616,18840.7139325925,0.73192345527431,0.933860648748766
"100",0.13,1.1,21378.4900934803,20428.2890734893,0.855879265155092,0.971521263970202
"101",0.13,1.2,23976.2751699261,21528.3429566193,0.92826348960939,0.990751510251205
"102",0.13,1.3,25720.1842046432,22302.2484339703,0.964775761935811,0.999417449038268
"103",0.14,0.5,53.190521619773,5560.33480451267,0.0038428101310712,0.456627414753512
"104",0.14,1.4,26022.8383416626,22762.337507569,0.953250262240661,0.99565743900144
"105",0.14,1.5,27209.2387262073,23301.1763777243,0.974911028358635,1
"106",0.14,1.6,28072.9650142395,23711.1514653772,0.988679123474866,1
"107",0.14,1.7,28722.6291438981,24030.0436115404,0.994773974569158,0.999126149888148
"108",0.14,1.8,29224.9619,24282.81136,0.999227772179232,0.996354283331781
"109",0.14,1.9,29622.1785826555,24486.3813418823,1,0.994188893911302
"110",0.14,2,29942.0472631121,24652.5568786298,1,0.990379127560716
"111",0.14,-1,31844.2527344042,25669.4794006251,0.960152824573659,0.935805444939848
"112",0.14,0.6,297.25221678627,7338.16991316002,0.017619913611154,0.50484285737921
"113",0.14,0.7,1289.87564847946,9503.54536899902,0.0671639818246549,0.578262522162258
"114",0.14,0.8,3871.54383571837,12178.7442139287,0.183969461747961,0.679023446805686
"115",0.14,0.9,8150.01544453086,15085.6258531261,0.360532841080125,0.787910427940513
"116",0.14,1,13491.7470537611,17685.9983951264,0.564080165407709,0.876625906753509
"117",0.14,1.1,18412.5317612835,19638.5482574796,0.737138314473295,0.933963052755427
"118",0.14,1.2,21915.2072598482,21036.5744293823,0.848467354597951,0.968119930475844
"119",0.14,1.3,24340.0640154007,22036.6229436583,0.913006828379766,0.987514131275796
"120",0.15,0.5,22.7949505249702,5455.62976619469,0.00164684729811071,0.448028797468811
"121",0.15,1.4,24519.8557354547,22435.151690867,0.898194063347205,0.981345859963181
"122",0.15,1.5,26162.9025228217,23123.0139351257,0.937420648186072,0.992353929273334
"123",0.15,1.6,27351.0080161644,23645.6425044675,0.96325310197406,0.997237208787378
"124",0.15,1.7,28232.6895625255,24051.0606335652,0.97780550200284,1
"125",0.15,1.8,28905.77986,24371.66354,0.988314650723672,1
"126",0.15,1.9,29432.6322782625,24629.4822084843,0.993601203103138,0.999999033445535
"127",0.15,2,29853.6674873349,24839.8094024912,0.997048305514964,0.997901714046508
"128",0.15,-1,32337.4082598117,26144.5404002041,0.975022216379564,0.953124248455348
"129",0.15,0.6,125.710212005978,7028.10437860305,0.00745159480905675,0.483511330269183
"130",0.15,0.7,589.450955449567,8805.21171017257,0.0306927829089647,0.53577099219271
"131",0.15,0.8,2059.8859585186,11027.9455826651,0.097882428078083,0.614860899382596
"132",0.15,0.9,5068.26958141934,13622.4566631992,0.224205419484855,0.711490246649474
"133",0.15,1,9420.34436982257,16280.3600792044,0.3938577701726,0.806953902056158
"134",0.15,1.1,14518.441277287,18549.1056873122,0.581239965837964,0.88215173272836
"135",0.15,1.2,18994.83952146,20257.8955801031,0.735402638391356,0.932284508888655
"136",0.15,1.3,22221.6518365804,21512.2360754315,0.833544227814623,0.964015093153965
"137",0.16,0.5,9.9807663686878,5387.93604238091,0.000721071893064317,0.442469634003504
"138",0.16,1.4,22329.4831513682,21876.3720872182,0.817957879546978,0.956904034999018
"139",0.16,1.5,24533.9447091405,22738.1800361956,0.879054849963311,0.975838286771353
"140",0.16,1.6,26152.6712917644,23395.5620308927,0.921049846931118,0.986690252687841
"141",0.16,1.7,27350.3465347999,23905.1051653352,0.947246604478988,0.993931433193166
"142",0.16,1.8,28254.44827,24307.06537,0.966045036964974,0.997349455859097
"143",0.16,1.9,28953.6229716452,24629.5060142433,0.977430572530484,1
"144",0.16,2,29506.604920547,24892.0400204198,0.9854571620057,1
"145",0.16,-1,32704.8991532059,26530.2286968489,0.986102627725386,0.967184884528902
"146",0.16,0.6,52.6742837215712,6827.5975927204,0.00312231928406721,0.469717098204948
"147",0.16,0.7,257.097404093104,8329.65485909851,0.01338709308609,0.506834769608802
"148",0.16,0.8,1001.79502699036,10149.5339159401,0.0476036691608332,0.565885232665517
"149",0.16,0.9,2887.82200848218,12363.6588126732,0.127748797574423,0.645744220415302
"150",0.16,1,6113.438161308,14818.6142628885,0.255598418462721,0.734500867568482
"151",0.16,1.1,10392.0532847585,17218.0793014337,0.416041679740709,0.818851256015188
"152",0.16,1.2,15194.9472621604,19213.250289084,0.588286323460941,0.884209099562469
"153",0.16,1.3,19310.8665494385,20733.8199997185,0.724359352975083,0.929132394623243
"154",0.17,0.5,4.46565950171001,5342.48222570367,0.000322626683335745,0.4387368625914
"155",0.17,1.4,19402.2458569201,21091.8034273215,0.71072938733036,0.922585871393291
"156",0.17,1.5,22262.467238632,22145.2403876463,0.79766747786701,0.950391517950009
"157",0.17,1.6,24397.0957087037,22957.4146498096,0.859221645749877,0.968211716049801
"158",0.17,1.7,26002.4699299968,23589.6498477327,0.900564507214448,0.980815366404733
"159",0.17,1.8,27215.76074,24088.3779,0.930531374701064,0.988376433987156
"160",0.17,1.9,28146.2681197776,24487.6611317084,0.950175492367665,0.994240855563531
"161",0.17,2,28874.2844928781,24811.9913799083,0.964339019277768,0.996784167129499
"162",0.17,-1,32958.5283900448,26835.9114628528,0.993749936336344,0.978328842393656
"163",0.17,0.6,22.2283061119608,6694.5542795339,0.0013176044157028,0.460564139472851
"164",0.17,0.7,108.995553411288,8010.80269515756,0.0056754117165586,0.4874335620217
"165",0.17,0.8,457.368513376612,9514.53395416347,0.0217334073425899,0.530480936853645
"166",0.17,0.9,1497.81724920751,11357.1991542365,0.0662590533663321,0.593177620401197
"167",0.17,1,3671.80265456241,13502.9176812318,0.153515407639713,0.669286923569419
"168",0.17,1.1,6958.6675930238,15788.9715097965,0.278587462441609,0.750886258893484
"169",0.17,1.2,11077.8324602167,17945.5677401149,0.428888446764545,0.825869337768399
"170",0.17,1.3,15574.082498926,19719.3950817564,0.584190890306299,0.883673571637203
"171",0.18,0.5,2.03279247163503,5310.77248434666,0.000146861419412373,0.436132786087481
"172",0.18,1.4,15701.3609325241,20097.6088252296,0.575161180727206,0.879098367042794
"173",0.18,1.5,19299.5427424963,21351.0467784623,0.691505457071682,0.916307676159805
"174",0.18,1.6,22038.9984338175,22331.8231027645,0.776173718834413,0.941827862530136
"175",0.18,1.7,24121.7203659749,23102.7297614098,0.835426991090902,0.960570101809484
"176",0.18,1.8,25721.36972,23713.70784,0.879436799632371,0.973003250314853
"177",0.18,1.9,26954.6041133073,24203.2558495277,0.909946715704762,0.982693515474119
"178",0.18,2,27914.9032744205,24600.3942499759,0.932297749352998,0.988283572973342
"179",0.18,-1,33108.9523350717,27069.9860957715,0.998285447874508,0.986862257216329
"180",0.18,0.6,9.56058973081234,6602.87757906295,0.000566713234134509,0.454257072728886
"181",0.18,0.7,45.576292829825,7794.64589073435,0.00237316310829343,0.474281062185582
"182",0.18,0.8,200.209203660557,9070.76343442672,0.00951361549741725,0.505738600319656
"183",0.18,0.9,719.741814752299,10590.9966730238,0.031839272340391,0.553159464658836
"184",0.18,1,2020.1551550625,12414.2309152458,0.0844612228109646,0.615324970046568
"185",0.18,1.1,4348.21299287652,14454.4667880665,0.174078960899859,0.687420360728186
"186",0.18,1.2,7589.5305499194,16562.2112243306,0.293835638056158,0.76220616777938
"187",0.18,1.3,11501.8685152556,18502.9063510503,0.431440298879663,0.829159782696791
"188",0.01,0.5,5166.47701746474,4139.62933893709,0.373258047111905,0.339955831714041
"189",0.01,1.4,5086.64927144792,4064.85584642261,0.186330548892162,0.177802651446205
"190",0.01,1.5,5066.5828875676,4048.66110182051,0.18153641058782,0.173753506526434
"191",0.01,1.6,5048.44985591306,4034.04000606666,0.177797285606248,0.170132606674844
"192",0.01,1.7,5032.13307916276,4020.89247737964,0.174281922404834,0.167181503495449
"193",0.01,1.8,5017.493656,4009.102822,0.171552627680528,0.164498529836507
"194",0.01,1.9,5004.38664846497,3998.55174482274,0.168940533340622,0.162348028519548
"195",0.01,2,4992.66967556852,3989.12284503768,0.166744432392884,0.160256967358451
"196",0.01,-1,4897.61825450435,3912.71236628655,0.147670665723155,0.142641674952133
"197",0.01,0.6,5238.46177985611,4192.46962906433,0.310514905538157,0.288428637120635
"198",0.01,0.7,5248.95494388169,4198.54204820856,0.273313722035831,0.255468819259932
"199",0.01,0.8,5235.25456912184,4186.2541796299,0.248770776223482,0.233403764158705
"200",0.01,0.9,5211.93133640757,4166.75705376523,0.230560595255132,0.217626458810523
"201",0.01,1,5185.36142409103,4144.93367087058,0.216796202756012,0.205448183160604
"202",0.01,1.1,5158.50274965269,4123.04285948801,0.206518585894881,0.196082197380464
"203",0.01,1.2,5132.7457497669,4102.13854890198,0.198718960605384,0.188783687196636
"204",0.01,1.3,5108.71564210334,4082.686763949,0.191630238217107,0.182955023702147
"205",0.19,0.5,0.936475473050698,5287.82744487145,6.76567427005856e-05,0.434248486953465
"206",0.19,1.4,11694.5966027137,18922.0544067184,0.42838821545795,0.827677923015352
"207",0.19,1.5,15613.7928084625,20370.4510590686,0.559444494447223,0.874224147693357
"208",0.19,1.6,19025.7073231663,21526.5094333263,0.670051048409607,0.907864363515163
"209",0.19,1.7,21673.5869569487,22446.8008782992,0.750638812774368,0.933297754319112
"210",0.19,1.8,23718.54256,23182.63709,0.810958334955677,0.951212749673468
"211",0.19,1.9,25317.7243175,23775.20155074,0.854688126562175,0.965313780024282
"212",0.19,2,26573.5659876994,24256.7161964904,0.88749996799442,0.974476827796829
"213",0.19,-1,33165.8168568573,27239.9983925183,1,0.993060218246989
"214",0.19,0.6,4.20566092689002,6536.98694022473,0.00024929463272225,0.449724005386582
"215",0.19,0.7,19.1099888340463,7643.82524747507,0.000995059441762678,0.46510407379031
"216",0.19,0.8,85.1862082953063,8762.40169649778,0.00404790996910649,0.488545953321452
"217",0.19,0.9,328.040977550386,10031.4706080254,0.0145115731904911,0.523935856330687
"218",0.19,1,1022.02127634166,11553.2015399507,0.0427299687958714,0.572647104766004
"219",0.19,1.1,2512.78312525498,13318.7160557962,0.100598263269922,0.633406733693592
"220",0.19,1.2,4887.72594155175,15234.9547416706,0.189232793943329,0.701124766050698
"221",0.19,1.3,8014.00684067363,17168.0251192526,0.300609027305252,0.769340540731024
"222",0.2,0.5,0.434753952309295,5270.64360146033,3.14092970247607e-05,0.432837310420358
"223",0.2,1.4,8251.47984781551,17633.6451468458,0.302262390655927,0.771321045623304
"224",0.2,1.5,11688.5906029488,19227.955248599,0.418803921691795,0.825192468264424
"225",0.2,1.6,15341.941908068,20555.2885553707,0.540315483967481,0.866903852619108
"226",0.2,1.7,18598.4545733898,21630.1949898771,0.644135273415434,0.899344744892058
"227",0.2,1.8,21177.72954,22499.17759,0.724085649126835,0.923169547005817
"228",0.2,1.9,23196.8747485832,23204.6029456974,0.78309144899172,0.942146502340653
"229",0.2,2,24799.4673282399,23780.830031815,0.828248887269384,0.955358822029322
"230",0.2,-1,33137.8736279643,27352.7431221992,0.999157468998469,0.997170435298025
"231",0.2,0.6,1.88601011802454,6487.64550614186,0.000111795079978322,0.446329470936662
"232",0.2,0.7,8.14873315454584,7534.47296701135,0.000424305525986984,0.458450312162421
"233",0.2,0.8,35.6660312734835,8544.61244891017,0.00169479175607764,0.476403157399601
"234",0.2,0.9,144.062880306167,9631.16587352833,0.00637292038088378,0.503028253442018
"235",0.2,1,486.136745757161,10898.3893571831,0.0203250249848866,0.540190620792214
"236",0.2,1.1,1334.29574755076,12395.9592665889,0.0534179943915486,0.589522596409126
"237",0.2,1.2,2936.73929934382,14078.5883548601,0.113698556208651,0.647907862806226
"238",0.2,1.3,5282.95107875427,15864.1496086506,0.198165888382504,0.710910739783939
"239",0.21,0.5,0.2028012239443,5257.35139190671,1.46516066064877e-05,0.431745723762679
"240",0.21,1.4,5539.29759894103,16362.2185383801,0.202911643207104,0.715707013872729
"241",0.21,1.5,8325.80666520191,17982.5039012113,0.298314878250127,0.771742319344975
"242",0.21,1.6,11515.8164703792,19440.1316565805,0.405566256655001,0.819872948176591
"243",0.21,1.7,14912.9395463948,20665.8366780097,0.516491859806932,0.859248454480583
"244",0.21,1.8,18032.08902,21671.98109,0.616533366265644,0.889228634493122
"245",0.21,1.9,20560.4482566512,22496.6912680865,0.694089673360144,0.913404079443437
"246",0.21,2,22564.6302152504,23175.2641016374,0.753610132833151,0.931031128128748
"247",0.21,-1,33033.0804469972,27414.3502204471,0.995997794644016,0.999416381041121
"248",0.21,0.6,0.857303433081341,6449.29531141779,5.08174929450574e-05,0.443691098956364
"249",0.21,0.7,3.55293435247877,7451.89615727742,0.000185001723658694,0.453425758439069
"250",0.21,0.8,14.9436232979667,8386.05601646657,0.000710096656875669,0.467562875234225
"251",0.21,0.9,61.5114514723187,9343.84755681533,0.0027210866665485,0.488021842698404
"252",0.21,1,221.405883219407,10414.8462274384,0.00925681950091313,0.516223275262901
"253",0.21,1.1,661.817752396043,11670.7812920406,0.0264956079269631,0.555034841712586
"254",0.21,1.2,1627.71263089957,13120.1841244572,0.0630183878075993,0.603801335860971
"255",0.21,1.3,3272.25768096272,14706.7222430285,0.122743868095283,0.6590436328139
"256",0.22,0.5,0.0948852249025841,5246.75110500693,6.85509170508066e-06,0.430875203951757
"257",0.22,1.4,3513.72336195057,15217.7428388573,0.128712236238198,0.665645997792665
"258",0.22,1.5,5669.35494371509,16748.1571662681,0.203133822078741,0.718768739173151
"259",0.22,1.6,8262.04961810806,18234.1669266043,0.290974464948522,0.769012291673378
"260",0.22,1.7,11206.1954887462,19574.074886444,0.388113204062562,0.813854955698993
"261",0.22,1.8,14353.6808,20713.18843,0.49076527584304,0.849888166066484
"262",0.22,1.9,17339.2127557701,21660.1684804708,0.585345629032249,0.879439825871646
"263",0.22,2,19828.7506501915,22446.0911945258,0.662237637792392,0.901737711176444
"264",0.22,-1,32858.6885030448,27430.3590980656,0.990739611355328,1
"265",0.22,0.6,0.392967900311114,6418.49915938751,2.32935536370345e-05,0.441572421197299
"266",0.22,0.7,1.58001958578499,7387.12732733689,8.22718119125355e-05,0.449484767418909
"267",0.22,0.8,6.36109984743085,8266.28376584558,0.000302269111422768,0.460884997366052
"268",0.22,0.9,25.8266961479905,9133.35967316201,0.00114249748375589,0.477028225323808
"269",0.22,1,97.4906249464493,10060.7859252446,0.0040760123671429,0.498673888085438
"270",0.22,1.1,312.718400270945,11118.4776133886,0.0125195555651517,0.528768580938172
"271",0.22,1.2,839.670727140248,12348.2309661191,0.0325086225351518,0.568275435934172
"272",0.22,1.3,1880.51931790713,13732.3691147834,0.0705391315759448,0.615380523205188
"273",0.23,0.5,0.0444846903153502,5238.05096711668,3.21384738136964e-06,0.430160728724545
"274",0.23,1.4,2080.1405001509,14242.2151137133,0.076198239839643,0.62297500953547
"275",0.23,1.5,3664.35528966499,15626.3453410484,0.131294389367749,0.670624739615595
"276",0.23,1.6,5689.32752641958,17039.0260149453,0.2003678396325,0.718608121576277
"277",0.23,1.7,8084.85750823307,18404.8095993458,0.28000938900814,0.76523900046472
"278",0.23,1.8,10787.17189,19642.30589,0.368823123624299,0.805948508921521
"279",0.23,1.9,13692.5165698043,20706.5133197692,0.462238674701043,0.84071979794457
"280",0.23,2,16532.8386229689,21601.8543419032,0.552161262644755,0.867821774518378
"281",0.23,-1,32621.318807119,27405.7830125807,0.98358255272022,0.999104055276964
"282",0.23,0.6,0.180977146040207,6393.06203615938,1.07275959563809e-05,0.439822427653137
"283",0.23,0.7,0.712376345228822,7334.62183385528,3.70935228986336e-05,0.446289964015634
"284",0.23,0.8,2.76735552601015,8172.38541982871,0.000131500230447698,0.455649713871978
"285",0.23,0.9,10.8551555751705,8974.3581004346,0.00048020032679929,0.468723697660814
"286",0.23,1,41.7340386891929,9798.78588051259,0.00174486990848002,0.485687568531889
"287",0.23,1.1,142.462540922493,10704.9637663512,0.00570343061197082,0.509102837326568
"288",0.23,1.2,411.033214831659,11744.0382480822,0.0159135280038654,0.540470005247563
"289",0.23,1.3,1005.21294627618,12933.1976383744,0.0377059930222532,0.579567725196882
"290",0.24,0.5,0.0208903020682509,5230.71502306188,1.50924378976517e-06,0.429558284216024
"291",0.24,1.4,1147.3116626968,13431.0510446874,0.0420275117179096,0.587493524415247
"292",0.24,1.5,2222.06143425849,14660.6641673327,0.0796167882441513,0.629181288089307
"293",0.24,1.6,3732.37375798213,15946.4277169441,0.131447462483946,0.67252860917484
"294",0.24,1.7,5616.67407533276,17249.7283052555,0.194526802048179,0.71721279024103
"295",0.24,1.8,7817.470944,18507.8277,0.267286373278351,0.759399442291825
"296",0.24,1.9,10284.0801528588,19655.1531385889,0.347175010243182,0.798032779351006
"297",0.24,2,12956.9113781072,20653.5449021014,0.432732981290488,0.829724879325221
"298",0.24,-1,32327.0294876066,27345.1650465305,0.974709280556216,0.996894169295031
"299",0.24,0.6,0.0835477267686135,6371.53632463043,4.95237258105878e-06,0.438341526850349
"300",0.24,0.7,0.32374628632697,7290.86021839277,1.68575084864162e-05,0.443627199631535
"301",0.24,0.8,1.22720020430174,8096.26901380897,5.83145563171667e-05,0.45140585888446
"302",0.24,0.9,4.63677972398348,8850.05091467355,0.000205117570479243,0.462231230667224
"303",0.24,1,17.5905584933679,9600.34336717579,0.000735448500851256,0.475851547725721
"304",0.24,1.1,62.7978505603109,10394.8720903957,0.00251408672716644,0.494355608330192
"305",0.24,1.2,193.61665006221,11281.3064287977,0.00749604623568312,0.519174717926973
"306",0.24,1.3,508.550324260318,12293.5092967451,0.0190759530595577,0.550901750442656
"307",0.25,0.5,0.0098260536010624,5224.3721764003,7.09894492039997e-07,0.429037395137383
"308",0.25,1.4,598.131338181228,12770.1215493015,0.0219103253645768,0.558583516006944
"309",0.25,1.5,1259.07698247737,13849.0708460005,0.0451129135997257,0.59435071523857
"310",0.25,1.6,2307.47657172498,14998.7236765483,0.0812651571793242,0.632559903235796
"311",0.25,1.7,3728.47406234399,16190.6746378788,0.12913124851817,0.673179236648025
"312",0.25,1.8,5468.610808,17393.09536,0.186976729457879,0.71366057271608
"313",0.25,1.9,7481.00898045497,18554.4014354832,0.252547561941824,0.753340380629362
"314",0.25,2,9720.78214481592,19621.3159203773,0.324653222920789,0.788256643661237
"315",0.25,-1,31981.3752497618,27252.6269352975,0.964287277705008,0.993520603863307
"316",0.25,0.6,0.0386093988329529,6352.93799664017,2.28860958337062e-06,0.437062020766926
"317",0.25,0.7,0.147695959237688,7253.53637588198,7.69054655269198e-06,0.441356154619483
"318",0.25,0.8,0.551162030031424,8032.7968127941,2.61903225956836e-05,0.447866979017013
"319",0.25,0.9,2.02296585034456,8749.60783343779,8.94900912024932e-05,0.456985167170048
"320",0.25,1,7.44043325073829,9445.47609470737,0.000311079121336734,0.46817538152232
"321",0.25,1.1,26.9255500230898,10158.6112996803,0.00107795358170251,0.483119602162632
"322",0.25,1.2,88.1665042853876,10928.9329473684,0.003413447099459,0.502958209317739
"323",0.25,1.3,247.207654868717,11793.0177655069,0.00927287113049819,0.528473519903647
"324",0.02,0.5,9210.20624216217,7414.0461093424,0.665401894526242,0.608858427917826
"325",0.02,1.4,9469.39543635189,7561.76651499886,0.346876215593715,0.330762562506907
"326",0.02,1.5,9439.29995864633,7537.0105298815,0.33821150684403,0.323460515799829
"327",0.02,1.6,9411.49710844089,7514.22112704113,0.331455929469502,0.316906630958573
"328",0.02,1.7,9386.0505993854,7493.41728252395,0.32507465850289,0.311562861891682
"329",0.02,1.8,9362.910318,7474.536183,0.320126337552867,0.306689618077667
"330",0.02,1.9,9341.96401209593,7457.47148632133,0.31537059254534,0.302786076261889
"331",0.02,2,9323.06791026909,7442.09587371621,0.311370422614852,0.298974928033669
"332",0.02,-1,9163.79878208768,7313.00742578555,0.276302520201398,0.266602686448289
"333",0.02,0.6,9502.34934632181,7620.2211443331,0.563260978825875,0.52424708910971
"334",0.02,0.7,9606.27660004918,7690.74809486343,0.500199990385806,0.467959189752227
"335",0.02,0.8,9632.83706841071,7705.06127020642,0.457736739083699,0.429594149416561
"336",0.02,0.9,9624.49277863065,7694.11333057567,0.425759404881053,0.401857515620437
"337",0.02,1,9600.07421642882,7671.73613751123,0.401372144789792,0.380258015276801
"338",0.02,1.1,9568.70499793428,7644.64284085781,0.383079261739603,0.363561189516806
"339",0.02,1.2,9535.04169551603,7616.24872102508,0.369157886916178,0.350505839581318
"340",0.02,1.3,9501.51737796108,7588.32251056541,0.356406221469203,0.340051001962534
"341",0.03,0.5,12118.1628003412,9861.0476357717,0.875490545326975,0.80981179137437
"342",0.03,1.4,13237.0006261954,10567.2632229373,0.48488847190811,0.462227318890481
"343",0.03,1.5,13206.5810709754,10541.0995855928,0.473193743586996,0.452384867386781
"344",0.03,1.6,13177.2363475199,10516.1596888151,0.464078463934211,0.443511134588748
"345",0.03,1.7,13149.5262922779,10492.8018405582,0.455418146714116,0.436271896712723
"346",0.03,1.8,13123.72592,10471.1829,0.448712010595725,0.429645800862718
"347",0.03,1.9,13099.9369983207,10451.3386025582,0.442234083552215,0.424342193323494
"348",0.03,2,13078.1562440928,10433.2325003404,0.436782299125043,0.419139310871333
"349",0.03,-1,12883.9465634768,10273.5418100674,0.388470653959272,0.374531801546553
"350",0.03,0.6,12845.4666204403,10349.407571818,0.761427499495689,0.712006474716347
"351",0.03,0.7,13147.4863206495,10551.5487570434,0.684591211037242,0.642030417076718
"352",0.03,0.8,13276.6235927213,10634.2177912958,0.630883544091399,0.592908685155697
"353",0.03,0.9,13325.0313619996,10660.6258769047,0.589460406194361,0.556796143465608
"354",0.03,1,13332.9013623354,10658.8999182243,0.557438942181638,0.528320064101278
"355",0.03,1.1,13319.8424356492,10642.8984977097,0.533254542577902,0.506151159483048
"356",0.03,1.2,13296.1436170586,10619.9163733573,0.514772398333151,0.488737020162072
"357",0.03,1.3,13267.4634528422,10593.9562745857,0.497668564883784,0.47474068753724
"358",0.04,0.5,13754.1292039446,11467.4583259645,0.993682811137022,0.941733912304898
"359",0.04,1.4,16460.6081958458,13143.2437793213,0.602973391038953,0.574904419949805
"360",0.04,1.5,16439.6121826034,13122.5698241655,0.589033724171123,0.563171988033641
"361",0.04,1.6,16416.8201455956,13101.2468744161,0.578170754088822,0.552535244589299
"362",0.04,1.7,16393.6399541802,13080.2030571377,0.567774150937714,0.543851402498367
"363",0.04,1.8,16370.92954,13059.98625,0.559736827330385,0.535867657477106
"364",0.04,1.9,16349.1986138237,13040.9047712436,0.551924247171899,0.529483001555208
"365",0.04,2,16328.7335802482,13023.1146406149,0.545344593065445,0.523183902562088
"366",0.04,-1,16128.4192041056,12853.9609735536,0.486296456189075,0.46860345238645
"367",0.04,0.6,15264.9166550845,12415.994013991,0.904842748195369,0.854181079125102
"368",0.04,0.7,15913.0401903257,12833.5643262345,0.828593937235693,0.780884289754445
"369",0.04,0.8,16223.6414970932,13032.4991636426,0.770921038340331,0.726624383199368
"370",0.04,0.9,16377.8845945874,13127.4953142749,0.724509702338227,0.685638802894879
"371",0.04,1,16451.7002835511,13168.5433557038,0.687833664550993,0.652713293415079
"372",0.04,1.1,16481.5446081065,13180.1829893618,0.659832019292558,0.626818427677369
"373",0.04,1.2,16486.5782286549,13175.4662036106,0.638293001301777,0.606345461227304
"374",0.04,1.3,16477.5151776319,13161.7272314338,0.618079059380875,0.589808686488359
"375",0.05,0.5,13841.5690095378,12176.9622779091,1,1
"376",0.05,1.4,19197.246489921,15340.1187323133,0.703219995088615,0.670998895694007
"377",0.05,1.5,19195.8469783803,15331.7750964029,0.687790022580919,0.657982878111679
"378",0.05,1.6,19187.9649837077,15319.746101594,0.675765470150231,0.646098782843328
"379",0.05,1.7,19176.2709188124,15305.7810070724,0.664147252807271,0.636386945268931
"380",0.05,1.8,19162.50133,15291.00155,0.655183181380212,0.627409020516947
"381",0.05,1.9,19147.7913464001,15276.125472835,0.64640051011007,0.620236778764494
"382",0.05,2,19132.8810727592,15261.6059884336,0.638997090099796,0.613111901471875
"383",0.05,-1,18955.8133033483,15103.7637433708,0.571546703799307,0.550622166096102
"384",0.05,0.6,16674.5295725257,13822.3537122654,0.988398921801096,0.950934173831527
"385",0.05,0.7,17901.2793039362,14567.744756895,0.932121789588764,0.886404020631869
"386",0.05,0.8,18503.5342046057,14941.9225064263,0.879257829047584,0.83308389962023
"387",0.05,0.9,18826.1916085013,15141.4243032184,0.832815642317164,0.790824737304849
"388",0.05,1,19006.1901681707,15249.4923221973,0.794635035115293,0.755857811123665
"389",0.05,1.1,19107.0244758747,15306.3032618426,0.764942051389269,0.727931695021613
"390",0.05,1.2,19161.5258871886,15333.1375785852,0.74185605396258,0.705643218499635
"391",0.05,1.3,19188.0063104826,15342.0311042114,0.719750809750541,0.687513352504929
"392",0.06,0.5,12141.3593426511,11961.2539791796,0.877166406083361,0.982285541023575
"393",0.06,1.4,21492.291316214,17199.1158999195,0.787290458648129,0.752314110284523
"394",0.06,1.5,21521.525026717,17210.0818814427,0.77111940935833,0.738592833359923
"395",0.06,1.6,21537.4966855314,17213.0836625781,0.758511733053248,0.725948872104018
"396",0.06,1.7,21544.6548513575,17210.9775524057,0.746173403201798,0.715601603381532
"397",0.06,1.8,21545.97168,17205.66217,0.736676179593009,0.705969953251702
"398",0.06,1.9,21543.4635161964,17198.4133989407,0.727274783523539,0.6982849509444
"399",0.06,2,21538.5129052916,17190.0935356453,0.719340020941939,0.690585967302948
"400",0.06,-1,21415.4162554447,17064.435249248,0.645707486954807,0.622100322793492
"401",0.06,0.6,16870.242575883,14535.5526098847,1,1
"402",0.06,0.7,19049.7823804619,15761.3590386992,0.991924484405326,0.959031906150944
"403",0.06,0.8,20112.8382484764,16388.2168068274,0.955729337908796,0.913721748950426
"404",0.06,0.9,20690.8984990238,16736.1617430127,0.915304820110429,0.874116625283147
"405",0.06,1,21028.8481950407,16939.2712647941,0.879200901182431,0.839613557600216
"406",0.06,1.1,21234.8184361147,17060.6833178643,0.85012742805191,0.811365874133666
"407",0.06,1.2,21362.9682300511,17133.3499696655,0.827086913922122,0.788490428283951
"408",0.06,1.3,21442.9977878971,17175.8172186452,0.80433656168262,0.7696897234657
"409",0.07,0.5,8954.96381920295,10941.414123061,0.646961613458154,0.898533958909475
"410",0.07,1.4,23381.0869033553,18753.9592098899,0.856479486575142,0.820325196911232
"411",0.07,1.5,23453.4152095925,18791.5657219512,0.8403393189565,0.806464249586804
"412",0.07,1.6,23503.1648275321,18815.5511025239,0.827739014699129,0.793531732526705
"413",0.07,1.7,23537.23959068,18830.2184109371,0.815184197125682,0.782926736489035
"414",0.07,1.8,23560.30091,18838.4779,0.805547910403662,0.772966435757713
"415",0.07,1.9,23575.5623020372,18842.3316070934,0.795875368729337,0.765030837248495
"416",0.07,2,23585.2760226847,18843.1747036832,0.787697508304357,0.756995999051323
"417",0.07,-1,23549.0661045567,18771.0598648387,0.710040286545445,0.684316956906424
"418",0.07,0.6,15595.8349670398,14513.0094375142,0.924458252268107,0.998449101112594
"419",0.07,0.7,19204.8716207288,16395.5242048019,1,0.997618973837728
"420",0.07,0.8,21000.746515577,17379.5016232247,0.997921293601777,0.968990635542724
"421",0.07,0.9,21965.717855612,17932.7821005312,0.971699099068895,0.936615169735604
"422",0.07,1,22533.55150714,18265.1423184911,0.942111456042106,0.905331810464338
"423",0.07,1.1,22889.0286811145,18473.7538826776,0.916353070869137,0.878568178559057
"424",0.07,1.2,23120.6970330733,18608.2602986243,0.895138997113381,0.856366977763192
"425",0.07,1.3,23275.6825676325,18696.2278151148,0.87308139806051,0.837822982958043
"426",0.08,0.5,5641.32982958007,9520.87331275961,0.407564332171649,0.781875897737809
"427",0.08,1.4,24889.8061068352,20032.0613256542,0.911745824454289,0.876231224969248
"428",0.08,1.5,25019.8986185535,20104.2469246327,0.896466650062826,0.862799654349304
"429",0.08,1.6,25114.8590161708,20155.5642969223,0.884499973041955,0.850045782312734
"430",0.08,1.7,25184.983876391,20192.184446849,0.872251853570307,0.839554843526076
"431",0.08,1.8,25237.23019,20218.31203,0.862883633005803,0.82958276511641
"432",0.08,1.9,25276.4180791716,20236.8724912057,0.853293690355764,0.821651578375249
"433",0.08,2,25305.9561113689,20249.936022371,0.84516452362111,0.813510503990805
"434",0.08,-1,25392.5820110908,20253.5571787746,0.765625104929103,0.738362815680488
"435",0.08,0.6,12750.0862174359,13770.180125777,0.755773733548022,0.947344796262702
"436",0.08,0.7,18136.8255770011,16434.6555496335,0.944386712662275,1
"437",0.08,0.8,21044.4918354026,17904.316151027,1,0.998251564530333
"438",0.08,0.9,22605.4731106163,18738.725808812,1,0.978708978654767
"439",0.08,1,23510.8974719874,19244.2257643423,0.982973582445372,0.953861155222346
"440",0.08,1.1,24077.6734529948,19567.635499377,0.963939986944075,0.930590609173117
"441",0.08,1.2,24452.0732747066,19782.7293160767,0.946684449744477,0.91041697850542
"442",0.08,1.3,24708.8580771716,19929.7116880363,0.926840460717367,0.893098365140018
