"","h","K","nc_yield","mpa_yield","nc_prop_msy","mpa_prop_msy"
"1",0,0.2,0,0,0,0
"2",0,1.1,0,0,0,0
"3",0,1.2,0,0,0,0
"4",0,1.3,0,0,0,0
"5",0,1.4,0,0,0,0
"6",0,1.5,0,0,0,0
"7",0,1.6,0,0,0,0
"8",0,1.7,0,0,0,0
"9",0,1.8,0,0,0,0
"10",0,1.9,0,0,0,0
"11",0,2,0,0,0,0
"12",0,0.3,0,0,0,0
"13",0,0.4,0,0,0,0
"14",0,0.5,0,0,0,0
"15",0,0.6,0,0,0,0
"16",0,0.7,0,0,0,0
"17",0,0.8,0,0,0,0
"18",0,0.9,0,0,0,0
"19",0,1,0,0,0,0
"20",0.09,0.2,1.86700776507219e-13,1.49360621214231e-13,0.0365493197578914,0.0365493197597981
"21",0.09,1.1,27267.0090634447,22391.7558488937,0.992385233864544,0.968090104078477
"22",0.09,1.2,30432.1606246742,24809.7044586214,0.981840848144158,0.951468652696417
"23",0.09,1.3,33480.6083023834,27165.6963820252,0.966055988976192,0.936430970172691
"24",0.09,1.4,36449.7234124896,29477.4461817293,0.95371468777231,0.920989976906373
"25",0.09,1.5,39362.1274697203,31756.4401286769,0.940233880509789,0.908579023762243
"26",0.09,1.6,42232.4595093455,34010.5229936241,0.929594340780985,0.896480160487089
"27",0.09,1.7,45070.702300494,36245.2773929002,0.918217631685315,0.886478635284528
"28",0.09,1.8,47883.9483778883,38464.8064727771,0.909552959602341,0.87681076418375
"29",0.09,1.9,50677.4022815515,40672.2034932659,0.900417128870715,0.86913732166667
"30",0.09,2,53454.9823035286,42869.8475291636,0.892640737518703,0.861115591450037
"31",0.09,0.3,15.6456734337684,496.348511189135,0.00988916178214937,0.354230281356894
"32",0.09,0.4,220.227134177611,1818.31474768538,0.0545834667789125,0.503003722169319
"33",0.09,0.5,1552.17638182598,4092.17402998634,0.224277519514792,0.672117386355079
"34",0.09,0.6,5370.274578,7473.623409,0.530547061536771,0.856936048405249
"35",0.09,0.7,10977.459515526,11106.4409802272,0.816568073553456,0.96541994503933
"36",0.09,0.8,16036.958783803,14348.5404178261,0.952562724561994,1
"37",0.09,0.9,20255.4475579681,17231.7344540064,0.995601938170329,1
"38",0.09,1,23918.1376711047,19882.7534754994,1,0.985510481501522
"39",0.1,0.2,1.02387935426286e-13,8.19103483475064e-14,0.0200438876648216,0.0200438876663176
"40",0.1,1.1,27476.2341608627,22928.5972105108,1,0.991300021744099
"41",0.1,1.2,30995.0036018526,25554.4688919311,1,0.980030863629613
"42",0.1,1.3,34333.9427220291,28095.353302317,0.990678266422673,0.968477250877376
"43",0.1,1.4,37555.3794475662,30576.7864104118,0.982644410731891,0.955337638015974
"44",0.1,1.5,40695.3404617241,33014.8777112984,0.972080025664979,0.944584003717519
"45",0.1,1.6,43776.1710267917,35420.3419860283,0.963573547937955,0.933641446034071
"46",0.1,1.7,46812.5757267156,37800.6330409857,0.953704518076771,0.924519165016189
"47",0.1,1.8,49814.7017518914,40161.1284940103,0.946227513499356,0.915478667239283
"48",0.1,1.9,52789.8219170828,42505.8231081057,0.937949810846555,0.908320525528767
"49",0.1,2,55743.3098059637,44837.7547502768,0.930853346735546,0.900644437207534
"50",0.1,0.3,7.07808630562185,471.340837022588,0.00447384645222339,0.336382992090578
"51",0.1,0.4,95.0520140223828,1676.27142987452,0.0235587157278956,0.463710020317595
"52",0.1,0.5,760.247223381525,3575.94583256041,0.109849862086829,0.587329705216829
"53",0.1,0.6,3319.953813,6563.714489,0.327989139911153,0.75260462686553
"54",0.1,0.7,8366.8990165484,10322.8017817026,0.622379212776524,0.897302632453133
"55",0.1,0.8,14271.5864247348,13964.0161183463,0.847703198083766,0.973201155777344
"56",0.1,0.9,19346.8475536546,17221.7719855301,0.95094215355055,0.999421853412209
"57",0.1,1,23662.4603950529,20175.0806802238,0.989310318404903,1
"58",0.11,0.2,5.52761195199661e-14,4.4220895620943e-14,0.0108210828316108,0.0108210828327789
"59",0.11,1.1,27018.5064562848,23129.8261954742,0.983340959248706,1
"60",0.11,1.2,30979.6615696526,25977.9345194046,0.999505015956859,0.996271051847391
"61",0.11,1.3,34657.0060994762,28708.9795215482,1,0.989629611108357
"62",0.11,1.4,38155.3196426377,31359.5663145084,0.998341972256559,0.979794724337229
"63",0.11,1.5,41533.8360181004,33952.5158625295,0.99210897179774,0.971410636445741
"64",0.11,1.6,44827.8593976766,36502.6685593201,0.986722651002233,0.962170389864366
"65",0.11,1.7,48059.7466314812,39020.1145099359,0.979112915461964,0.95434496153669
"66",0.11,1.8,51244.4233176193,41511.9873949359,0.973384995819999,0.946271689064657
"67",0.11,1.9,54392.2962155423,43983.4974968675,0.96642197480815,0.93989742203885
"68",0.11,2,57510.8823876568,46438.553193821,0.960369908615246,0.932799263453816
"69",0.11,0.3,3.26549168811238,454.189218533458,0.00206401953477495,0.324142353696046
"70",0.11,0.4,40.7209824181441,1593.09522211841,0.0100927272169508,0.440700834393921
"71",0.11,0.5,343.677418571435,3223.39574909232,0.0496587371467234,0.529425266421339
"72",0.11,0.6,1825.701077,5754.702714,0.180367004997276,0.659842212218446
"73",0.11,0.7,5607.35986733546,9282.58916101682,0.417108442815485,0.806882846953932
"74",0.11,0.8,11502.7264407451,13188.6836967148,0.683238548280978,0.919165525737354
"75",0.11,0.9,17477.6950843103,16819.0398126909,0.859069001111468,0.976050313309027
"76",0.11,1,22593.4007967261,20105.4005182131,0.944613711460529,0.996546226351451
"77",0.12,0.2,2.94199085326587e-14,2.35359268299686e-14,0.00575936353519389,0.00575936353610836
"78",0.12,1.1,25745.2529225201,22981.6414509528,0.937000782996375,0.99359334811818
"79",0.12,1.2,30287.7163366375,26075.1674669595,0.97718060387085,1
"80",0.12,1.3,34392.3319622779,29009.8226642541,0.992363040926311,1
"81",0.12,1.4,38218.6872864766,31835.3508289083,1,0.994660081608279
"82",0.12,1.5,41864.1875023461,34583.784184096,1,0.989471765244085
"83",0.12,1.6,45386.1527053661,37275.8213656473,0.9990114522076,0.98254985159823
"84",0.12,1.7,48819.6904804357,39925.2873031232,0.994595120211039,0.976483468953895
"85",0.12,1.8,52187.4436448679,42541.7673533787,0.991297614947502,0.969745670480431
"86",0.12,1.9,55504.7213377904,45132.1378878622,0.986187128299905,0.964443085839744
"87",0.12,2,58782.2957225467,47701.478095611,0.981601144470923,0.958167310844748
"88",0.12,0.3,1.53094309027882,441.645864704413,0.000967663294464176,0.315190507048261
"89",0.12,0.4,17.6156531607238,1544.1824604829,0.00436605335976335,0.427170008008906
"90",0.12,0.5,148.518340968168,3000.43621017446,0.0214597551572121,0.49280537160203
"91",0.12,0.6,900.9495509,5130.561625,0.0890077648508028,0.588277327398196
"92",0.12,0.7,3382.46175037501,8228.76513838617,0.251607420775774,0.715279899455228
"93",0.12,0.8,8180.88855454697,12096.0283298154,0.485928136120663,0.843014549046936
"94",0.12,0.9,14576.5352198973,16032.914922617,0.71647030633144,0.930429549353305
"95",0.12,1,20567.6988653492,19658.8463680321,0.8599205819522,0.974412280160162
"96",0.13,0.2,1.54528894411302e-14,1.23623115559098e-14,0.00302512184433991,0.00302512184506196
"97",0.13,1.1,23516.3391028284,22471.1179808382,0.855879265155092,0.971521263970203
"98",0.13,1.2,28771.5302039113,25834.0115479432,0.92826348960939,0.990751510251204
"99",0.13,1.3,33436.2394660361,28992.9229641614,0.964775761935808,0.999417449038269
"100",0.13,1.4,37680.843827064,32006.2616541656,0.985927212638648,1
"101",0.13,1.5,41648.4450796659,34916.515642283,0.994846611494177,0.998991498004733
"102",0.13,1.6,45431.0634828785,37752.1429402483,1,0.995105166955239
"103",0.13,1.7,49084.9889451266,40532.1422092112,1,0.991325786289007
"104",0.13,1.8,52645.5858038473,43269.5152695599,1,0.98633478830094
"105",0.13,1.9,56136.0478984878,45973.4398474388,0.997404302495314,0.982421136426072
"106",0.13,2,59572.2377610782,48650.5893519549,0.994792327284676,0.977231864323799
"107",0.13,0.3,0.726746305742162,431.946277620998,0.000459354582753336,0.308268178514682
"108",0.13,0.4,7.77162893766154,1514.75879525323,0.00192620428686489,0.419030485877643
"109",0.13,0.5,62.8957239213993,2863.85144155794,0.00908794716524692,0.470372064263252
"110",0.13,0.6,410.7106787,4692.108231,0.0405754567222164,0.538003651792362
"111",0.13,0.7,1837.21369325769,7336.65108160883,0.136662771936224,0.637733482453048
"112",0.13,0.8,5275.25542158631,10870.1361881723,0.313339439534,0.757577835210865
"113",0.13,0.9,10859.5750806279,14910.9456852198,0.533773147546483,0.86531891058436
"114",0.13,1,17506.2459679616,18840.7139325925,0.73192345527431,0.933860648748766
"115",0.14,0.2,8.01616193680223e-15,6.41292955183059e-15,0.00156927716820661,0.00156927716878418
"116",0.14,1.1,20253.7849374119,21602.4030832276,0.737138314473295,0.93396305275543
"117",0.14,1.2,26298.2487118179,25243.8893152588,0.848467354597953,0.968119930475843
"118",0.14,1.3,31642.0832200209,28647.6098267558,0.913006828379764,0.987514131275796
"119",0.14,1.4,36431.9736783276,31867.2725105965,0.95325026224066,0.99565743900144
"120",0.14,1.5,40813.8580893109,34951.7645665865,0.974911028358634,1
"121",0.14,1.6,44916.7440227832,37937.8423446036,0.988679123474864,1
"122",0.14,1.7,48828.4695446269,40851.0741396188,0.994773974569161,0.99912614988815
"123",0.14,1.8,52604.9314219705,43709.0604416867,0.999227772257521,0.996354283356467
"124",0.14,1.9,56282.1393070455,46524.1245495764,1,0.994188893911302
"125",0.14,2,59884.0945262243,49305.1137572596,1,0.990379127560716
"126",0.14,0.3,0.348370550664739,424.100108381403,0.000220194595665307,0.302668583321666
"127",0.14,0.4,3.50325985725047,1496.48516404527,0.000868285684914337,0.413975417976525
"128",0.14,0.5,26.5952608098865,2780.16740225633,0.0038428101310712,0.45662741475351
"129",0.14,0.6,178.3513301,4402.901948,0.0176199136061623,0.504842857387128
"130",0.14,0.7,902.912953935621,6652.48175829931,0.0671639818246546,0.57826252216226
"131",0.14,0.8,3097.2350685747,9742.99537114296,0.183969461747961,0.679023446805685
"132",0.14,0.9,7335.01390007777,13577.0632678135,0.360532841080126,0.787910427940515
"133",0.14,1,13491.7470537611,17685.9983951264,0.564080165407709,0.876625906753509
"134",0.15,0.2,4.10907865133551e-15,3.28726292300181e-15,0.00080441031016376,0.000804410310633298
"135",0.15,1.1,15970.2854050157,20404.0162560434,0.581239965837963,0.882151732728361
"136",0.15,1.2,22793.807425752,24309.4746961238,0.735402638391356,0.932284508888656
"137",0.15,1.3,28888.1473875545,27965.9068980609,0.833544227814621,0.964015093153964
"138",0.15,1.4,34327.7980296366,31409.2123672138,0.898194063347206,0.981345859963183
"139",0.15,1.5,39244.3537842326,34684.5209026885,0.937420648186073,0.992353929273331
"140",0.15,1.6,43761.6128258631,37833.028007148,0.963253101974059,0.997237208787376
"141",0.15,1.7,47995.5722562934,40886.8030770609,0.977805502002841,1
"142",0.15,1.8,52030.4037431286,43868.9943645767,0.988314650671553,1
"143",0.15,1.9,55922.0013286987,46796.0161961201,0.993601203103136,0.999999033445533
"144",0.15,2,59707.3349746697,49679.6188049823,0.997048305514961,0.997901714046506
"145",0.15,0.3,0.168310169528343,417.528532016725,0.00010638381934103,0.297978630008335
"146",0.15,0.4,1.60814571194186,1484.73487514276,0.00039858016756753,0.410724914144858
"147",0.15,0.5,11.3974752624851,2727.81488309735,0.00164684729811071,0.448028797468811
"148",0.15,0.6,75.4261272,4216.862627,0.00745159480541159,0.483511330246792
"149",0.15,0.7,412.615668814697,6163.6481971208,0.0306927829089647,0.535770992192713
"150",0.15,0.8,1647.90876681488,8822.35646613209,0.0978824280780829,0.614860899382596
"151",0.15,0.9,4561.4426232774,12260.2109968793,0.224205419484856,0.711490246649477
"152",0.15,1,9420.34436982257,16280.3600792044,0.3938577701726,0.806953902056158
"153",0.16,0.2,2.08213431155254e-15,1.66570745083762e-15,0.000407607264176903,0.00040760726456554
"154",0.16,1.1,11431.2586132344,18939.8872315771,0.41604167974071,0.81885125601519
"155",0.16,1.2,18233.9367145925,23055.9003469008,0.588286323460941,0.884209099562467
"156",0.16,1.3,25104.1265142701,26953.965999634,0.724359352975083,0.929132394623242
"157",0.16,1.4,31261.2764119154,30626.9209221055,0.817957879546977,0.956904034999021
"158",0.16,1.5,36800.9170637107,34107.2700542935,0.879054849963309,0.975838286771354
"159",0.16,1.6,41844.2740668231,37432.8992494283,0.921049846931117,0.986690252687838
"160",0.16,1.7,46495.5891091599,40638.6787810699,0.947246604478989,0.993931433193166
"161",0.16,1.8,50858.0068826112,43752.7176692979,0.966045036940106,0.99734945610304
"162",0.16,1.9,55011.8836461259,46796.0614270623,0.977430572530483,1
"163",0.16,2,59013.2098410939,49784.0800408396,0.985457162005697,1
"164",0.16,0.3,0.081842049093609,411.878100736959,5.17299090700995e-05,0.293946072607842
"165",0.16,0.4,0.748169815309444,1476.91411438391,0.000185434471603272,0.408561442844356
"166",0.16,0.5,4.9903831843439,2693.96802119045,0.000721071893064317,0.442469634003501
"167",0.16,0.6,31.60457023,4096.558556,0.00312231928239759,0.46971709824339
"168",0.16,0.7,179.968182865173,5830.75840136896,0.0133870930860899,0.506834769608804
"169",0.16,0.8,801.436021592288,8119.62713275209,0.0476036691608331,0.565885232665516
"170",0.16,0.9,2599.03980763396,11127.2929314058,0.127748797574423,0.645744220415298
"171",0.16,1,6113.438161308,14818.6142628885,0.255598418462721,0.734500867568482
"172",0.17,0.2,1.04321285527711e-15,8.34570285564668e-16,0.000204223683138199,0.000204223683465925
"173",0.17,1.1,7654.53435232619,17367.8686607761,0.278587462441609,0.750886258893483
"174",0.17,1.2,13293.3989522601,21534.6812881379,0.428888446764547,0.825869337768397
"175",0.17,1.3,20246.3072486038,25635.2136062833,0.584190890306298,0.883673571637203
"176",0.17,1.4,27163.1441996882,29528.5247982501,0.710729387330362,0.922585871393293
"177",0.17,1.5,33393.7008579481,33217.8605814695,0.797667477867012,0.950391517950009
"178",0.17,1.6,39035.3531339259,36731.8634396953,0.859221645749875,0.968211716049797
"179",0.17,1.7,44204.1988809945,40102.4047411457,0.900564507214447,0.980815366404734
"180",0.17,1.8,48988.3693304098,43359.0802159884,0.930531374708908,0.98837643406296
"181",0.17,1.9,53477.9094275774,46526.5561502459,0.950175492367664,0.99424085556353
"182",0.17,2,57748.5689857562,49623.9827598166,0.964339019277766,0.996784167129499
"183",0.17,0.3,0.0400050828158288,406.923046299754,2.52860151880805e-05,0.290409786534928
"184",0.17,0.4,0.351345458912656,1471.53163047527,8.70812457152266e-05,0.407072476512202
"185",0.17,0.5,2.232829750855,2671.24111285184,0.000322626683335744,0.4387368625914
"186",0.17,0.6,13.33698367,4016.732568,0.00131760441539986,0.460564139501264
"187",0.17,0.7,76.2968873879016,5607.56188661029,0.00567541171655858,0.487433562021702
"188",0.17,0.8,365.89481070129,7611.62716333077,0.0217334073425899,0.530480936853644
"189",0.17,0.9,1348.03552428676,10221.4792388129,0.0662590533663323,0.593177620401201
"190",0.17,1,3671.80265456241,13502.9176812318,0.153515407639713,0.669286923569419
"191",0.18,0.2,5.16904658535701e-16,4.1352372798065e-16,0.000101191403713495,0.000101191403994968
"192",0.18,1.1,4783.03429216418,15899.9134668732,0.174078960899859,0.687420360728189
"193",0.18,1.2,9107.43665990328,19874.6534691967,0.293835638056158,0.762206167779377
"194",0.18,1.3,14952.4290698323,24053.7782563654,0.431440298879663,0.829159782696792
"195",0.18,1.4,21981.9053055337,28136.6523553214,0.575161180727205,0.879098367042795
"196",0.18,1.5,28949.3141137444,32026.5701676934,0.691505457071681,0.916307676159802
"197",0.18,1.6,35262.397494108,35730.9169644231,0.776173718834411,0.941827862530131
"198",0.18,1.7,41006.9246221573,39274.6405943966,0.835426991090902,0.960570101809481
"199",0.18,1.8,46298.4654999445,42684.6741202379,0.879436799743257,0.973003250667284
"200",0.18,1.9,51213.7478152838,45986.1861141026,0.909946715704759,0.982693515474118
"201",0.18,2,55829.8065488409,49200.7884999518,0.932297749352995,0.988283572973342
"202",0.18,0.3,0.0196347791741024,402.512541269184,1.24105560959998e-05,0.287262130396781
"203",0.18,0.4,0.166074967316286,1467.70349287456,4.11618100338475e-05,0.406013491831698
"204",0.18,0.5,1.01639623581752,2655.38624217333,0.000146861419412373,0.43613278608748
"205",0.18,0.6,5.736353838,3961.726547,0.000566713233836081,0.454257072675088
"206",0.18,0.7,31.9034049808775,5456.25212351405,0.00237316310829342,0.474281062185585
"207",0.18,0.8,160.167362928446,7256.61074754138,0.00951361549741726,0.505738600319656
"208",0.18,0.9,647.767633277067,9531.8970057214,0.0318392723403911,0.553159464658836
"209",0.18,1,2020.1551550625,12414.2309152458,0.0844612228109646,0.615324970046568
"210",0.01,0.2,5.00998868782889e-12,4.00799095027126e-12,0.980776202223223,0.980776202220857
"211",0.01,1.1,5674.35302461796,4535.34714543681,0.20651858589488,0.196082197380464
"212",0.01,1.2,6159.29489972028,4922.56625868238,0.198718960605384,0.188783687196636
"213",0.01,1.3,6641.33033473434,5307.4927931337,0.191630238217107,0.182955023702147
"214",0.01,1.4,7121.30898002709,5690.79818499166,0.186330548892162,0.177802651446206
"215",0.01,1.5,7599.87433135139,6072.99165273077,0.18153641058782,0.173753506526434
"216",0.01,1.6,8077.51976946089,6454.46400970666,0.177797285606247,0.170132606674843
"217",0.01,1.7,8554.62623457669,6835.5172115454,0.174281922404834,0.167181503495449
"218",0.01,1.8,9031.4885807144,7216.38507906084,0.171552627685917,0.164498529852052
"219",0.01,1.9,9508.33463208343,7597.2483151632,0.168940533340622,0.162348028519547
"220",0.01,2,9985.33935113704,7978.24569007535,0.166744432392883,0.160256967358451
"221",0.01,0.3,1175.68758171814,963.145451901939,0.743116923032586,0.687370419622011
"222",0.01,0.4,1966.15398239641,1580.5994605935,0.487312796314231,0.437244109112244
"223",0.01,0.5,2583.23850873237,2069.81466946854,0.373258047111905,0.339955831714039
"224",0.01,0.6,3143.077068,2515.481777,0.310514905409555,0.288428637068057
"225",0.01,0.7,3674.26846071719,2938.97943374599,0.273313722035831,0.255468819259933
"226",0.01,0.8,4188.20365529747,3349.00334370392,0.248770776223482,0.233403764158704
"227",0.01,0.9,4690.73820276681,3750.08134838871,0.230560595255132,0.217626458810524
"228",0.01,1,5185.36142409103,4144.93367087058,0.216796202756012,0.205448183160604
"229",0.19,0.2,2.5331606758987e-16,2.02652855077899e-16,4.95902059293032e-05,4.95902061752569e-05
"230",0.19,1.1,2764.06143778048,14650.5876613758,0.100598263269922,0.633406733693592
"231",0.19,1.2,5865.2711298621,18281.9456900047,0.189232793943329,0.701124766050696
"232",0.19,1.3,10418.2088928757,22318.4326550284,0.300609027305251,0.769340540731025
"233",0.19,1.4,16372.4352437992,26490.8761694058,0.428388215457951,0.827677923015356
"234",0.19,1.5,23420.6892126938,30555.676588603,0.559444494447224,0.874224147693358
"235",0.19,1.6,30441.1317170661,34442.4150933221,0.670051048409606,0.907864363515162
"236",0.19,1.7,36845.0978268129,38159.5614931087,0.75063881277437,0.933297754319112
"237",0.19,1.8,42693.3766094044,41728.7467709189,0.810958335015514,0.951212750037735
"238",0.19,1.9,48103.6762032501,45172.882946406,0.854688126562176,0.965313780024282
"239",0.19,2,53147.1319753989,48513.4323929807,0.88749996799442,0.974476827796827
"240",0.19,0.3,0.00966541287583734,398.541384868221,6.10921811867341e-06,0.284428025292173
"241",0.19,0.4,0.0788780417279715,1464.88945029404,1.95499840940223e-05,0.405235038104616
"242",0.19,0.5,0.468237736525349,2643.91372243572,6.76567427005856e-05,0.434248486953463
"243",0.19,0.6,2.523396556,3922.192164,0.000249294632598916,0.449724005367554
"244",0.19,0.7,13.3769921838324,5350.67767323255,0.000995059441762674,0.465104073790312
"245",0.19,0.8,68.1489666362451,7009.92135719822,0.00404790996910649,0.488545953321451
"246",0.19,0.9,295.236879795347,9028.32354722289,0.0145115731904911,0.52393585633069
"247",0.19,1,1022.02127634166,11553.2015399507,0.0427299687958714,0.572647104766004
"248",0.2,0.2,1.22784985609736e-16,9.82279893804342e-17,2.40368989592543e-05,2.40368991775824e-05
"249",0.2,1.1,1467.72532230584,13635.5551932478,0.0534179943915486,0.589522596409127
"250",0.2,1.2,3524.08715921258,16894.3060258321,0.113698556208651,0.647907862806223
"251",0.2,1.3,6867.83640238055,20623.3944912457,0.198165888382504,0.710910739783937
"252",0.2,1.4,11552.0717869417,24687.1032055841,0.302262390655927,0.771321045623305
"253",0.2,1.5,17532.8859044233,28841.9328728986,0.418803921691798,0.825192468264425
"254",0.2,1.6,24547.1070529088,32888.4616885931,0.54031548396748,0.866903852619106
"255",0.2,1.7,31617.3727747626,36771.331482791,0.644135273415432,0.899344744892055
"256",0.2,1.8,38119.9131721798,40498.5196660657,0.724085649159858,0.92316954725471
"257",0.2,1.9,44074.062022308,44088.745596825,0.783091448991718,0.942146502340651
"258",0.2,2,49598.9346564797,47561.6600636299,0.828248887269381,0.95535882202932
"259",0.2,0.3,0.00476686731451497,394.933223723999,3.01299412050455e-06,0.28185297991884
"260",0.2,0.4,0.0376068645611356,1462.74969546059,9.32089067996641e-06,0.404643113825761
"261",0.2,0.5,0.217376976154648,2635.32180073017,3.14092970247607e-05,0.432837310420357
"262",0.2,0.6,1.131606071,3892.587304,0.000111795079947255,0.446329470969227
"263",0.2,0.7,5.70411320818209,5274.13107690795,0.000424305525986983,0.458450312162424
"264",0.2,0.8,28.5328250187868,6835.68995912814,0.00169479175607764,0.476403157399601
"265",0.2,0.9,129.65659227555,8668.04928617549,0.00637292038088379,0.503028253442018
"266",0.2,1,486.136745757161,10898.3893571831,0.0203250249848866,0.540190620792214
"267",0.21,0.2,5.88642930624813e-17,4.70914352533742e-17,1.15235185932913e-05,1.15235187898336e-05
"268",0.21,1.1,727.999527635648,12837.8594212447,0.0264956079269631,0.555034841712588
"269",0.21,1.2,1953.25515707948,15744.2209493486,0.0630183878075992,0.603801335860968
"270",0.21,1.3,4253.93498525153,19118.7389159371,0.122743868095283,0.659043632813902
"271",0.21,1.4,7755.01663851745,22907.1059537322,0.202911643207105,0.715707013872732
"272",0.21,1.5,12488.7099978029,26973.7558518169,0.298314878250128,0.771742319344973
"273",0.21,1.6,18425.3063526068,31104.2106505289,0.405566256655002,0.819872948176592
"274",0.21,1.7,25351.9972288711,35131.9223526164,0.516491859806931,0.85924845448058
"275",0.21,1.8,32457.7602446874,39009.5659530125,0.616533366455871,0.889228634438721
"276",0.21,1.9,39064.8516876373,42743.7134093644,0.694089673360143,0.913404079443438
"277",0.21,2,45129.2604305008,46350.5282032748,0.75361013283315,0.931031128128748
"278",0.21,0.3,0.00235307120201936,391.630655338066,1.48730586127806e-06,0.279496027692375
"279",0.21,0.4,0.017988533894574,1461.06483545547,4.45847214014939e-06,0.404177027932222
"280",0.21,0.5,0.10140061197215,2628.67569595336,1.46516066064877e-05,0.431745723762679
"281",0.21,0.6,0.51438206,3869.577187,5.08174929375522e-05,0.443691098969967
"282",0.21,0.7,2.48705404673514,5216.3273100942,0.000185001723658694,0.453425758439071
"283",0.21,0.8,11.9548986383734,6708.84481317326,0.000710096656875671,0.467562875234225
"284",0.21,0.9,55.3603063250867,8409.4628011338,0.0027210866665485,0.488021842698405
"285",0.21,1,221.405883219407,10414.8462274384,0.00925681950091313,0.516223275262901
"286",0.22,0.2,2.7909909239692e-17,2.23279281238167e-17,5.46375979949815e-06,5.4637599786135e-06
"287",0.22,1.1,343.990240298039,12230.3253747275,0.0125195555651517,0.528768580938174
"288",0.22,1.2,1007.6048725683,14817.877159343,0.0325086225351519,0.568275435934174
"289",0.22,1.3,2444.67511327926,17852.0798492184,0.0705391315759444,0.615380523205188
"290",0.22,1.4,4919.21270673081,21304.8399744003,0.128712236238199,0.665645997792669
"291",0.22,1.5,8504.03241557263,25122.2357494021,0.203133822078741,0.718768739173148
"292",0.22,1.6,13219.2793889729,29174.6670825669,0.290974464948522,0.769012291673377
"293",0.22,1.7,19050.5323308686,33275.9273069548,0.388113204062564,0.813854955698992
"294",0.22,1.8,25836.6254463774,37283.7391675908,0.490765275984246,0.8498881660642
"295",0.22,1.9,32944.5042359632,41154.3201128946,0.585345629032249,0.879439825871648
"296",0.22,2,39657.5013003831,44892.1823890517,0.662237637792392,0.901737711176446
"297",0.22,0.3,0.00116155375415617,388.589205878517,7.34183353764826e-07,0.277325428862115
"298",0.22,0.4,0.00862880258459471,1459.68985020396,2.13865544305803e-06,0.40379666325646
"299",0.22,0.5,0.0474426124512921,2623.37555250347,6.85509170508067e-06,0.430875203951756
"300",0.22,0.6,0.23578074,3851.099496,2.32935536083059e-05,0.441572421235934
"301",0.22,0.7,1.10601371004949,5170.98912913582,8.2271811912535e-05,0.44948476741891
"302",0.22,0.8,5.08887987794468,6613.02701267647,0.000302269111422768,0.460884997366052
"303",0.22,0.9,23.2440265331914,8220.02370584581,0.00114249748375589,0.477028225323809
"304",0.22,1,97.4906249464493,10060.7859252446,0.0040760123671429,0.498673888085438
"305",0.23,0.2,1.30865357730877e-17,1.04692292927026e-17,2.56187461799428e-06,2.56187478297107e-06
"306",0.23,1.1,156.708795014742,11775.4601429863,0.0057034306119708,0.509102837326568
"307",0.23,1.2,493.23985779799,14092.8458976987,0.0159135280038654,0.540470005247564
"308",0.23,1.3,1306.77683015903,16813.1569298868,0.037705993022253,0.579567725196885
"309",0.23,1.4,2912.19670021127,19939.1011591986,0.0761982398396433,0.622975009535471
"310",0.23,1.5,5496.53293449748,23439.5180115726,0.131294389367749,0.670624739615594
"311",0.23,1.6,9102.92404227134,27262.4416239125,0.2003678396325,0.718608121576276
"312",0.23,1.7,13744.2577639962,31288.1763188878,0.28000938900814,0.765239000464717
"313",0.23,1.8,19416.9093988058,35356.1506033121,0.368823123578707,0.805948509087809
"314",0.23,1.9,26015.7814826281,39342.3753075615,0.462238674701041,0.84071979794457
"315",0.23,2,33065.6772459377,43203.7086838064,0.552161262644752,0.867821774518378
"316",0.23,0.3,0.000572926376467702,385.773544085314,3.62129610472451e-07,0.275315968479484
"317",0.23,0.4,0.00414863293384731,1458.52685437436,1.02824190474154e-06,0.403474941600789
"318",0.23,0.5,0.0222423451576751,2619.02548355834,3.21384738136964e-06,0.430160728724544
"319",0.23,0.6,0.108586288,3835.837222,1.07275959887773e-05,0.439822427684548
"320",0.23,0.7,0.498663441660175,5134.23528369869,3.70935228986334e-05,0.446289964015636
"321",0.23,0.8,2.21388442080812,6537.90833586297,0.000131500230447698,0.455649713871978
"322",0.23,0.9,9.76964001765343,8076.92229039114,0.00048020032679929,0.468723697660815
"323",0.23,1,41.7340386891929,9798.78588051259,0.00174486990848002,0.485687568531889
"324",0.24,0.2,6.06731980626927e-18,4.85385647170314e-18,1.18776373522019e-06,1.18776388856865e-06
"325",0.24,1.1,69.0776356163421,11434.3592994353,0.00251408672716644,0.494355608330194
"326",0.24,1.2,232.339980074652,13537.5677145572,0.00749604623568312,0.51917471792697
"327",0.24,1.3,661.115421538414,15981.5620857686,0.0190759530595577,0.550901750442655
"328",0.24,1.4,1606.23632777551,18803.4714625624,0.0420275117179094,0.587493524415249
"329",0.24,1.5,3333.09215138774,21990.996250999,0.0796167882441514,0.629181288089304
"330",0.24,1.6,5971.79801277141,25514.2843471106,0.131447462483945,0.67252860917484
"331",0.24,1.7,9548.3459280657,29324.5381189344,0.194526802048179,0.717212790241031
"332",0.24,1.8,14071.4476995291,33314.089861938,0.267286373295532,0.759399442464504
"333",0.24,1.9,19539.7522904317,37344.7909633189,0.347175010243182,0.798032779351005
"334",0.24,2,25913.8227562143,41307.0898042028,0.432732981290486,0.829724879325221
"335",0.24,0.3,0.000282163885602237,383.155019926763,1.78347344753976e-07,0.273447199804826
"336",0.24,0.4,0.0019978876064939,1457.50855987992,4.951779997696e-07,0.403193248939152
"337",0.24,0.5,0.0104451510341255,2615.35751153094,1.50924378976517e-06,0.429558284216023
"338",0.24,0.6,0.050128636,3822.921795,4.95237257282869e-06,0.438341526872297
"339",0.24,0.7,0.226622400428879,5103.60215287494,1.68575084864162e-05,0.443627199631537
"340",0.24,0.8,0.981760163441392,6477.01521104718,5.83145563171667e-05,0.45140585888446
"341",0.24,0.9,4.17310175158513,7965.04582320619,0.000205117570479244,0.462231230667224
"342",0.24,1,17.5905584933679,9600.34336717579,0.000735448500851256,0.475851547725721
"343",0.25,0.2,2.78104970333845e-18,2.2248403497566e-18,5.44429845292989e-07,5.44429988953523e-07
"344",0.25,1.1,29.6181050253988,11174.4724296483,0.00107795358170251,0.483119602162631
"345",0.25,1.2,105.799805142465,13114.719536842,0.003413447099459,0.502958209317735
"346",0.25,1.3,321.369951329332,15330.923095159,0.00927287113049818,0.528473519903648
"347",0.25,1.4,837.38387345372,17878.1701690221,0.0219103253645769,0.558583516006946
"348",0.25,1.5,1888.61547371605,20773.6062690008,0.0451129135997256,0.59435071523857
"349",0.25,1.6,3691.96251475997,23997.9578824772,0.081265157179324,0.632559903235792
"350",0.25,1.7,6338.40590598479,27524.146884394,0.12913124851817,0.673179236648026
"351",0.25,1.8,9843.49945477664,31307.5716421462,0.186976729472678,0.713660572703404
"352",0.25,1.9,14213.9170628644,35253.362727418,0.252547561941823,0.75334038062936
"353",0.25,2,19441.5642896318,39242.6318407547,0.324653222920787,0.788256643661239
"354",0.25,0.3,0.000138663998319075,380.710010058309,8.76453620575627e-08,0.271702263506845
"355",0.25,0.4,0.000962972137725923,1456.58799035483,2.38673394560864e-07,0.402938590113872
"356",0.25,0.5,0.0049130268005312,2612.18608820015,7.09894492039997e-07,0.429037395137382
"357",0.25,0.6,0.023165639,3811.762798,2.28860955274448e-06,0.437062020765282
"358",0.25,0.7,0.103387171466382,5077.47546311738,7.69054655269199e-06,0.441356154619484
"359",0.25,0.8,0.44092962402514,6426.23745023528,2.61903225956836e-05,0.447866979017013
"360",0.25,0.9,1.8206692653101,7874.64705009401,8.94900912024933e-05,0.456985167170049
"361",0.25,1,7.44043325073829,9445.47609470737,0.000311079121336734,0.46817538152232
"362",0.02,0.2,5.10818745038088e-12,4.08654996032287e-12,1,1
"363",0.02,1.1,10525.5754977277,8409.10712494359,0.383079261739601,0.363561189516806
"364",0.02,1.2,11442.0500346192,9139.4984652301,0.369157886916177,0.350505839581318
"365",0.02,1.3,12351.9725913494,9864.81926373503,0.356406221469202,0.340051001962534
"366",0.02,1.4,13257.1536108926,10586.4731209984,0.346876215593714,0.330762562506908
"367",0.02,1.5,14158.9499379695,11305.5157948222,0.33821150684403,0.323460515799827
"368",0.02,1.6,15058.3953735054,12022.7538032658,0.331455929469501,0.316906630958573
"369",0.02,1.7,15956.2860189552,12738.8093802907,0.325074658502891,0.311562861891681
"370",0.02,1.8,16853.2385717315,13454.1651288196,0.320126337553259,0.306689618116333
"371",0.02,1.9,17749.7316229823,14169.1958240105,0.31537059254534,0.302786076261888
"372",0.02,2,18646.1358205382,14884.1917474324,0.311370422614852,0.298974928033668
"373",0.02,0.3,1582.10309209522,1401.20293863035,1,1
"374",0.02,0.4,3343.31845362605,2725.8846995099,0.828644083420012,0.754066451808331
"375",0.02,0.5,4605.10312108109,3707.0230546712,0.665401894526243,0.608858427917824
"376",0.02,0.6,5701.409608,4572.132687,0.563260978597566,0.524247089151432
"377",0.02,0.7,6724.39362003443,5383.5236664044,0.500199990385805,0.467959189752229
"378",0.02,0.8,7706.26965472857,6164.04901616513,0.457736739083698,0.42959414941656
"379",0.02,0.9,8662.04350076758,6924.7019975181,0.425759404881055,0.401857515620437
"380",0.02,1,9600.07421642882,7671.73613751123,0.401372144789792,0.380258015276801
"381",0.03,0.2,3.89606409763491e-12,3.11685127813094e-12,0.762709696047746,0.762709696049986
"382",0.03,1.1,14651.8266792141,11707.1883474807,0.5332545425779,0.50615115948305
"383",0.03,1.2,15955.3723404704,12743.8996480287,0.514772398333154,0.488737020162069
"384",0.03,1.3,17247.7024886949,13772.1431569614,0.497668564883785,0.47474068753724
"385",0.03,1.4,18531.8008766735,14794.1685121122,0.484888471908109,0.462227318890482
"386",0.03,1.5,19809.871606463,15811.6493783892,0.473193743586994,0.45238486738678
"387",0.03,1.6,21083.5781560318,16825.8555021042,0.464078463934209,0.443511134588748
"388",0.03,1.7,22354.1946968725,17837.7631289489,0.455418146714117,0.436271896712722
"389",0.03,1.8,23622.7066571578,18848.1292285741,0.448712010636065,0.429645801130868
"390",0.03,1.9,24889.8802968094,19857.5433448606,0.442234083552216,0.424342193323495
"391",0.03,2,26156.3124881856,20866.4650006808,0.436782299125042,0.419139310871333
"392",0.03,0.3,1300.16718062448,1374.07934292386,0.821796750869525,0.980642635724842
"393",0.03,0.4,4034.68572396894,3413.45432966707,1,0.944270091557658
"394",0.03,0.5,6059.0814001706,4930.52381788585,0.875490545326975,0.809811791374368
"395",0.03,0.6,7707.279972,6209.644543,0.761427499133324,0.712006474700288
"396",0.03,0.7,9203.24042445467,7386.08412993035,0.684591211037242,0.642030417076719
"397",0.03,0.8,10621.298874177,8507.37423303667,0.630883544091396,0.592908685155699
"398",0.03,0.9,11992.5282257996,9594.56328921422,0.589460406194362,0.556796143465609
"399",0.03,1,13332.9013623354,10658.8999182243,0.557438942181638,0.528320064101278
"400",0.04,0.2,2.63329552249943e-12,2.1066364180228e-12,0.515504872927693,0.515504872931092
"401",0.04,1.1,18129.6990689171,14498.201288298,0.659832019292554,0.626818427677371
"402",0.04,1.2,19783.8938743859,15810.5594443327,0.638293001301777,0.606345461227302
"403",0.04,1.3,21420.7697309215,17110.245400864,0.618079059380875,0.589808686488361
"404",0.04,1.4,23044.8514741841,18400.5412910499,0.602973391038953,0.574904419949809
"405",0.04,1.5,24659.4182739052,19683.8547362482,0.589033724171125,0.563171988033638
"406",0.04,1.6,26266.912232953,20961.9949990658,0.578170754088822,0.552535244589298
"407",0.04,1.7,27869.1879221063,22236.3451971341,0.567774150937713,0.543851402498367
"408",0.04,1.8,29467.6731700549,23507.9752430217,0.559736827316326,0.535867657408712
"409",0.04,1.9,31063.477366265,24777.7190653629,0.551924247171898,0.529483001555209
"410",0.04,2,32657.4671604964,26046.2292812298,0.545344593065444,0.523183902562088
"411",0.04,0.3,793.946886331156,1130.12555761659,0.501830057913427,0.806539528614796
"412",0.04,0.4,3907.33248849976,3614.91310609687,0.96843540137151,1
"413",0.04,0.5,6877.06460197228,5733.72916298225,0.993682811137019,0.941733912304895
"414",0.04,0.6,9158.949993,7449.596408,0.904842747790759,0.854181079073081
"415",0.04,0.7,11139.128133228,8983.49502836418,0.828593937235691,0.780884289754451
"416",0.04,0.8,12978.9131976746,10425.9993309141,0.770921038340333,0.726624383199369
"417",0.04,0.9,14740.0961351287,11814.7457828474,0.724509702338231,0.68563880289488
"418",0.04,1,16451.7002835511,13168.5433557038,0.687833664550993,0.652713293415079
"419",0.05,0.2,1.66273371869544e-12,1.33018697497724e-12,0.325503661493758,0.325503661497422
"420",0.05,1.1,21017.7269234622,16836.9335880269,0.764942051389268,0.727931695021615
"421",0.05,1.2,22993.8310646263,18399.7650943022,0.741856053962579,0.705643218499632
"422",0.05,1.3,24944.4082036274,19944.6404354748,0.71975080975054,0.687513352504929
"423",0.05,1.4,26876.1450858893,21476.1662252387,0.703219995088613,0.670998895694011
"424",0.05,1.5,28793.7704675704,22997.6626446044,0.687790022580918,0.657982878111679
"425",0.05,1.6,30700.7439739324,24511.5937625505,0.675765470150231,0.646098782843329
"426",0.05,1.7,32599.6605619811,26019.8277120231,0.664147252807271,0.636386945268931
"427",0.05,1.8,34492.5024008721,27523.8027909756,0.655183181537538,0.627409020645354
"428",0.05,1.9,36380.8035581603,29024.6383983865,0.646400510110071,0.620236778764494
"429",0.05,2,38265.7621455184,30523.2119768671,0.638997090099795,0.613111901471873
"430",0.05,0.3,400.421832533962,882.043997987364,0.253094652639654,0.629490542497396
"431",0.05,0.4,3021.68099112382,3373.9532369871,0.748925987759804,0.93334283230671
"432",0.05,0.5,6920.7845047689,6088.48113895457,1,1
"433",0.05,0.6,10004.71774,8293.412227,0.988398921017294,0.950934173782793
"434",0.05,0.7,12530.8955127553,10197.4213298265,0.932121789588758,0.886404020631873
"435",0.05,0.8,14802.8273636846,11953.538005141,0.879257829047586,0.833083899620226
"436",0.05,0.9,16943.5724476511,13627.2818728965,0.832815642317164,0.790824737304847
"437",0.05,1,19006.1901681707,15249.4923221973,0.794635035115293,0.755857811123665
"438",0.06,0.2,1.00396509767131e-12,8.03172078154547e-13,0.19654037903336,0.196540379036768
"439",0.06,1.1,23358.3002797262,18766.7516496508,0.850127428051909,0.811365874133671
"440",0.06,1.2,25635.5618760614,20560.0199635987,0.827086913922125,0.788490428283953
"441",0.06,1.3,27875.8971242662,22328.5623842387,0.804336561682618,0.769689723465699
"442",0.06,1.4,30089.2078426997,24078.7622598873,0.787290458648132,0.752314110284525
"443",0.06,1.5,32282.2875400755,25815.1228221641,0.77111940935833,0.738592833359923
"444",0.06,1.6,34459.9946968503,27540.933860125,0.758511733053248,0.725948872104017
"445",0.06,1.7,36625.9132473077,29258.6618390897,0.746173403201797,0.715601603381531
"446",0.06,1.8,38782.7490194751,30970.1919018043,0.736676179537181,0.705969953275521
"447",0.06,1.9,40932.5806807731,32676.9854579874,0.727274783523537,0.698284950944402
"448",0.06,2,43077.0258105831,34380.1870712905,0.719340020941937,0.690585967302946
"449",0.06,0.3,182.977956230879,706.790652709093,0.115654888196038,0.504417049967057
"450",0.06,0.4,1914.87864583696,2893.96327428892,0.474604164200746,0.800562334239237
"451",0.06,0.5,6070.67967132554,5980.62698958978,0.87716640608336,0.982285541023568
"452",0.06,0.6,10122.14555,8721.331566,1,1
"453",0.06,0.7,13334.8476663234,11032.9513270894,0.991924484405329,0.959031906150944
"454",0.06,0.8,16090.2705987811,13110.573445462,0.955729337908794,0.91372174895043
"455",0.06,0.9,18621.8086491214,15062.5455687115,0.915304820110432,0.874116625283152
"456",0.06,1,21028.8481950407,16939.2712647941,0.879200901182431,0.839613557600216
"457",0.07,0.2,5.86834199665054e-13,4.69467359746086e-13,0.114881101244884,0.11488110124781
"458",0.07,1.1,25177.9315492259,20321.1292709454,0.916353070869133,0.87856817855906
"459",0.07,1.2,27744.8364396879,22329.9123583492,0.895138997113379,0.856366977763191
"460",0.07,1.3,30258.3873379222,24305.0961596492,0.873081398060507,0.837822982958043
"461",0.07,1.4,32733.5216646974,26255.5428938459,0.856479486575143,0.820325196911235
"462",0.07,1.5,35180.1228143887,28187.3485829268,0.840339318956499,0.806464249586803
"463",0.07,1.6,37605.0637240513,30104.8817640383,0.827739014699126,0.793531732526705
"464",0.07,1.7,40013.307304156,32011.3712985931,0.815184197125682,0.782926736489035
"465",0.07,1.8,42408.5416334652,33909.2602176969,0.805547910350463,0.772966435836011
"466",0.07,1.9,44793.5683738706,35800.4300534775,0.795875368729334,0.765030837248496
"467",0.07,2,47170.5520453695,37686.3494073663,0.787697508304358,0.756995999051321
"468",0.07,0.3,80.5605550487926,599.219900943286,0.0509199150493437,0.42764676295142
"469",0.07,0.4,1033.18215144292,2416.74069649636,0.25607500115934,0.668547382901214
"470",0.07,0.5,4477.48190960148,5470.70706153048,0.646961613458154,0.898533958909469
"471",0.07,0.6,9357.50098,8707.805663,0.924458251837724,0.998449101161028
"472",0.07,0.7,13443.4101345102,11476.8669433613,1,0.99761897383773
"473",0.07,0.8,16800.5972124616,13903.6012985798,0.997921293601776,0.968990635542726
"474",0.07,0.9,19769.1460700508,16139.503890478,0.971699099068899,0.9366151697356
"475",0.07,1,22533.55150714,18265.1423184911,0.942111456042106,0.905331810464338
"476",0.08,0.2,3.34453510865914e-13,2.67562808703707e-13,0.0654740089541891,0.0654740089565839
"477",0.08,1.1,26485.4407982943,21524.3990493148,0.963939986944074,0.930590609173123
"478",0.08,1.2,29342.4879296479,23739.275179292,0.946684449744477,0.910416978505416
"479",0.08,1.3,32121.515500323,25908.6251944472,0.926840460717363,0.893098365140019
"480",0.08,1.4,34845.7285495693,28044.8858559159,0.91174582445429,0.876231224969251
"481",0.08,1.5,37529.8479278302,30156.3703869491,0.896466650062825,0.862799654349305
"482",0.08,1.6,40183.7744258733,32248.9028750757,0.884499973041953,0.850045782312733
"483",0.08,1.7,42814.4725898647,34326.7135596434,0.872251853570307,0.839554843526077
"484",0.08,1.8,45427.0143502199,36392.9616488063,0.862883633197223,0.829582765138397
"485",0.08,1.9,48025.1943504261,38450.0577332908,0.853293690355765,0.821651578375248
"486",0.08,2,50611.9122227378,40499.872044742,0.845164523621109,0.813510503990805
"487",0.08,0.3,35.2807741013804,535.277263605849,0.0222999210845718,0.382012661298779
"488",0.08,0.4,494.053494793594,2054.38367050376,0.12245154358828,0.568307898477244
"489",0.08,0.5,2820.66491479004,4760.4366563798,0.40756433217165,0.781875897737805
"490",0.08,0.6,7650.05173,8262.108075,0.755773733168656,0.947344796201732
"491",0.08,0.7,12695.7779039008,11504.2588847434,0.944386712662275,1
"492",0.08,0.8,16835.5934683221,14323.4529208216,1,0.998251564530331
"493",0.08,0.9,20344.9257995546,16864.8532279308,1,0.978708978654769
"494",0.08,1,23510.8974719874,19244.2257643423,0.982973582445372,0.953861155222346
